,tag
0,15
1,3
2,5
3,13
4,1
5,0
6,3
7,0
8,1
9,1
10,15
11,13
12,4
13,2
14,5
15,4
16,9
17,7
18,2
19,2
20,5
21,14
22,3
23,2
24,15
25,8
26,1
27,7
28,11
29,4
30,8
31,14
32,9
33,3
34,9
35,11
36,9
37,15
38,13
39,2
40,11
41,11
42,2
43,13
44,13
45,12
46,7
47,3
48,15
49,14
50,2
51,1
52,11
53,9
54,7
55,3
56,10
57,7
58,5
59,8
60,7
61,6
62,4
63,4
64,13
65,15
66,12
67,9
68,11
69,15
70,9
71,3
72,12
73,9
74,9
75,15
76,3
77,3
78,1
79,14
80,6
81,12
82,7
83,14
84,4
85,2
86,5
87,1
88,3
89,0
90,10
91,12
92,8
93,7
94,15
95,11
96,15
97,7
98,14
99,0
100,10
101,1
102,12
103,8
104,13
105,11
106,4
107,5
108,8
109,11
110,10
111,10
112,12
113,10
114,6
115,12
116,4
117,15
118,2
119,0
120,2
121,2
122,5
123,6
124,6
125,3
126,1
127,1
128,13
129,4
130,10
131,11
132,11
133,0
134,11
135,0
136,14
137,2
138,9
139,15
140,8
141,0
142,6
143,12
144,11
145,8
146,5
147,7
148,7
149,5
150,8
151,2
152,5
153,4
154,10
155,1
156,15
157,8
158,0
159,15
160,8
161,15
162,4
163,14
164,12
165,12
166,4
167,4
168,13
169,14
170,14
171,3
172,9
173,11
174,10
175,10
176,6
177,11
178,4
179,12
180,1
181,4
182,10
183,11
184,6
185,15
186,13
187,1
188,4
189,15
190,7
191,6
192,10
193,4
194,3
195,12
196,12
197,13
198,10
199,13
200,4
201,8
202,2
203,7
204,14
205,1
206,0
207,4
208,0
209,12
210,13
211,1
212,7
213,12
214,12
215,13
216,7
217,11
218,15
219,12
220,9
221,3
222,6
223,2
224,14
225,7
226,6
227,5
228,12
229,2
230,6
231,13
232,6
233,15
234,1
235,13
236,15
237,5
238,2
239,14
240,12
241,8
242,3
243,15
244,11
245,10
246,15
247,11
248,5
249,2
250,8
251,6
252,10
253,3
254,1
255,4
256,11
257,12
258,0
259,0
260,10
261,4
262,7
263,11
264,4
265,4
266,3
267,13
268,11
269,13
270,8
271,1
272,8
273,14
274,12
275,15
276,6
277,13
278,14
279,15
280,5
281,8
282,12
283,4
284,8
285,12
286,0
287,15
288,14
289,8
290,12
291,10
292,13
293,13
294,12
295,4
296,13
297,8
298,15
299,8
300,13
301,11
302,14
303,12
304,7
305,7
306,4
307,5
308,1
309,9
310,7
311,6
312,10
313,10
314,5
315,3
316,8
317,14
318,6
319,6
320,9
321,15
322,11
323,11
324,6
325,4
326,13
327,15
328,7
329,3
330,5
331,5
332,0
333,0
334,5
335,2
336,11
337,9
338,2
339,7
340,9
341,7
342,11
343,8
344,13
345,12
346,10
347,7
348,14
349,1
350,9
351,8
352,10
353,14
354,10
355,4
356,12
357,2
358,4
359,6
360,15
361,0
362,4
363,15
364,10
365,9
366,7
367,14
368,7
369,0
370,8
371,7
372,12
373,9
374,9
375,5
376,12
377,9
378,13
379,12
380,3
381,13
382,1
383,10
384,3
385,8
386,6
387,1
388,15
389,1
390,10
391,9
392,12
393,13
394,2
395,9
396,2
397,2
398,9
399,5
400,3
401,3
402,15
403,13
404,6
405,1
406,9
407,14
408,6
409,5
410,11
411,14
412,15
413,4
414,6
415,1
416,6
417,8
418,10
419,11
420,9
421,11
422,3
423,11
424,6
425,13
426,1
427,14
428,6
429,3
430,12
431,11
432,7
433,6
434,7
435,15
436,5
437,6
438,6
439,10
440,13
441,2
442,6
443,15
444,4
445,10
446,6
447,4
448,0
449,1
450,1
451,14
452,6
453,11
454,15
455,13
456,2
457,15
458,10
459,10
460,12
461,0
462,15
463,3
464,6
465,12
466,12
467,13
468,15
469,4
470,13
471,3
472,9
473,6
474,13
475,11
476,3
477,8
478,9
479,5
480,5
481,13
482,4
483,12
484,4
485,15
486,9
487,4
488,1
489,10
490,3
491,10
492,8
493,9
494,9
495,9
496,9
497,2
498,3
499,2
500,2
501,13
502,1
503,2
504,10
505,10
506,4
507,11
508,6
509,14
510,15
511,12
512,5
513,4
514,4
515,5
516,0
517,3
518,5
519,4
520,4
521,5
522,12
523,11
524,4
525,2
526,8
527,14
528,2
529,10
530,5
531,10
532,10
533,2
534,6
535,12
536,13
537,0
538,13
539,3
540,8
541,14
542,11
543,13
544,6
545,9
546,3
547,1
548,8
549,9
550,1
551,2
552,6
553,6
554,3
555,2
556,3
557,0
558,8
559,15
560,6
561,13
562,12
563,11
564,5
565,13
566,6
567,5
568,1
569,7
570,6
571,13
572,8
573,4
574,7
575,10
576,1
577,7
578,13
579,13
580,5
581,13
582,12
583,13
584,0
585,0
586,12
587,12
588,8
589,3
590,15
591,12
592,9
593,0
594,8
595,11
596,0
597,14
598,2
599,10
600,11
601,13
602,1
603,6
604,15
605,14
606,8
607,10
608,8
609,7
610,12
611,7
612,10
613,0
614,14
615,7
616,2
617,14
618,12
619,7
620,10
621,3
622,13
623,8
624,2
625,12
626,11
627,3
628,0
629,2
630,10
631,5
632,7
633,5
634,11
635,9
636,15
637,11
638,5
639,14
640,6
641,5
642,4
643,2
644,8
645,9
646,10
647,14
648,12
649,5
650,13
651,2
652,15
653,5
654,13
655,15
656,15
657,9
658,9
659,14
660,4
661,7
662,3
663,11
664,14
665,10
666,11
667,6
668,0
669,14
670,4
671,11
672,2
673,7
674,1
675,2
676,6
677,13
678,10
679,0
680,6
681,2
682,13
683,13
684,7
685,7
686,2
687,0
688,0
689,4
690,12
691,0
692,8
693,9
694,3
695,9
696,9
697,13
698,11
699,9
700,1
701,12
702,4
703,13
704,2
705,6
706,10
707,8
708,8
709,7
710,5
711,7
712,9
713,10
714,2
715,7
716,7
717,2
718,12
719,13
720,0
721,3
722,9
723,0
724,13
725,2
726,13
727,15
728,2
729,9
730,1
731,3
732,4
733,11
734,13
735,12
736,1
737,4
738,15
739,14
740,12
741,7
742,14
743,8
744,11
745,1
746,5
747,6
748,8
749,3
750,14
751,9
752,7
753,1
754,9
755,2
756,8
757,6
758,4
759,0
760,10
761,12
762,7
763,10
764,10
765,10
766,11
767,11
768,1
769,1
770,6
771,7
772,9
773,10
774,0
775,15
776,11
777,10
778,8
779,7
780,13
781,6
782,11
783,14
784,11
785,14
786,3
787,11
788,14
789,12
790,6
791,15
792,4
793,4
794,12
795,6
796,10
797,8
798,7
799,8
800,8
801,8
802,0
803,10
804,6
805,8
806,14
807,6
808,10
809,11
810,15
811,8
812,15
813,11
814,6
815,15
816,15
817,6
818,1
819,4
820,5
821,12
822,12
823,4
824,12
825,12
826,3
827,4
828,6
829,7
830,3
831,5
832,4
833,0
834,8
835,9
836,1
837,0
838,14
839,15
840,11
841,11
842,4
843,12
844,11
845,9
846,8
847,2
848,13
849,2
850,12
851,4
852,13
853,14
854,9
855,11
856,9
857,13
858,8
859,11
860,12
861,12
862,7
863,0
864,2
865,14
866,0
867,6
868,6
869,3
870,15
871,9
872,13
873,4
874,8
875,2
876,10
877,3
878,0
879,12
880,7
881,12
882,11
883,15
884,0
885,5
886,6
887,6
888,12
889,5
890,8
891,12
892,7
893,8
894,9
895,7
896,3
897,13
898,3
899,1
900,10
901,3
902,7
903,5
904,3
905,14
906,1
907,5
908,12
909,15
910,6
911,10
912,5
913,13
914,5
915,4
916,12
917,12
918,2
919,5
920,12
921,14
922,11
923,0
924,7
925,7
926,15
927,6
928,0
929,2
930,13
931,4
932,3
933,12
934,0
935,0
936,2
937,2
938,8
939,7
940,5
941,1
942,3
943,14
944,14
945,3
946,0
947,15
948,4
949,4
950,14
951,5
952,5
953,0
954,11
955,0
956,1
957,8
958,9
959,5
960,2
961,9
962,10
963,5
964,11
965,5
966,10
967,0
968,3
969,0
970,5
971,14
972,7
973,4
974,13
975,0
976,3
977,0
978,11
979,2
980,10
981,2
982,6
983,15
984,9
985,6
986,9
987,9
988,14
989,13
990,11
991,0
992,9
993,4
994,8
995,6
996,2
997,4
998,0
999,10
1000,3
1001,9
1002,1
1003,10
1004,6
1005,9
1006,12
1007,14
1008,8
1009,6
1010,15
1011,1
1012,14
1013,4
1014,3
1015,5
1016,5
1017,4
1018,7
1019,2
1020,3
1021,3
1022,5
1023,14
1024,2
1025,7
1026,4
1027,7
1028,4
1029,3
1030,12
1031,5
1032,4
1033,14
1034,8
1035,15
1036,3
1037,6
1038,1
1039,11
1040,7
1041,11
1042,15
1043,8
1044,2
1045,10
1046,14
1047,15
1048,7
1049,5
1050,10
1051,15
1052,14
1053,13
1054,8
1055,4
1056,3
1057,9
1058,6
1059,8
1060,2
1061,11
1062,13
1063,4
1064,1
1065,9
1066,7
1067,2
1068,5
1069,6
1070,2
1071,14
1072,6
1073,3
1074,10
1075,15
1076,14
1077,3
1078,13
1079,2
1080,9
1081,6
1082,7
1083,3
1084,13
1085,5
1086,15
1087,11
1088,8
1089,10
1090,14
1091,4
1092,13
1093,4
1094,4
1095,12
1096,0
1097,13
1098,4
1099,11
1100,10
1101,10
1102,12
1103,10
1104,15
1105,15
1106,8
1107,7
1108,3
1109,12
1110,2
1111,15
1112,3
1113,4
1114,9
1115,12
1116,8
1117,2
1118,5
1119,9
1120,1
1121,6
1122,7
1123,15
1124,2
1125,15
1126,7
1127,0
1128,13
1129,13
1130,4
1131,7
1132,12
1133,3
1134,1
1135,8
1136,12
1137,2
1138,9
1139,12
1140,3
1141,5
1142,0
1143,10
1144,11
1145,12
1146,11
1147,12
1148,2
1149,4
1150,0
1151,3
1152,10
1153,2
1154,5
1155,10
1156,9
1157,15
1158,9
1159,12
1160,9
1161,5
1162,3
1163,8
1164,1
1165,9
1166,7
1167,15
1168,7
1169,8
1170,7
1171,14
1172,14
1173,12
1174,5
1175,12
1176,3
1177,10
1178,9
1179,10
1180,12
1181,6
1182,8
1183,4
1184,3
1185,4
1186,3
1187,4
1188,0
1189,6
1190,13
1191,13
1192,9
1193,5
1194,5
1195,2
1196,2
1197,14
1198,11
1199,12
1200,2
1201,13
1202,1
1203,5
1204,5
1205,10
1206,0
1207,3
1208,9
1209,4
1210,5
1211,13
1212,11
1213,2
1214,4
1215,1
1216,8
1217,12
1218,1
1219,7
1220,8
1221,6
1222,5
1223,8
1224,5
1225,14
1226,4
1227,0
1228,4
1229,9
1230,11
1231,6
1232,4
1233,11
1234,2
1235,12
1236,12
1237,7
1238,14
1239,1
1240,5
1241,3
1242,5
1243,9
1244,10
1245,5
1246,10
1247,11
1248,11
1249,9
1250,10
1251,1
1252,11
1253,15
1254,4
1255,7
1256,5
1257,13
1258,15
1259,11
1260,14
1261,5
1262,0
1263,3
1264,12
1265,12
1266,8
1267,13
1268,7
1269,1
1270,1
1271,13
1272,8
1273,5
1274,0
1275,10
1276,14
1277,7
1278,11
1279,10
1280,12
1281,12
1282,15
1283,4
1284,15
1285,6
1286,3
1287,10
1288,10
1289,4
1290,1
1291,2
1292,3
1293,13
1294,13
1295,8
1296,8
1297,3
1298,6
1299,3
1300,7
1301,11
1302,2
1303,6
1304,9
1305,13
1306,5
1307,8
1308,10
1309,6
1310,15
1311,4
1312,3
1313,3
1314,7
1315,7
1316,1
1317,8
1318,2
1319,12
1320,14
1321,5
1322,14
1323,7
1324,9
1325,2
1326,12
1327,11
1328,13
1329,9
1330,7
1331,5
1332,5
1333,8
1334,6
1335,12
1336,8
1337,0
1338,3
1339,4
1340,0
1341,3
1342,3
1343,9
1344,7
1345,4
1346,1
1347,11
1348,4
1349,3
1350,12
1351,9
1352,13
1353,3
1354,3
1355,12
1356,9
1357,14
1358,7
1359,12
1360,11
1361,7
1362,4
1363,15
1364,6
1365,11
1366,14
1367,11
1368,7
1369,9
1370,1
1371,7
1372,14
1373,2
1374,9
1375,6
1376,9
1377,8
1378,6
1379,9
1380,5
1381,14
1382,2
1383,9
1384,13
1385,7
1386,7
1387,12
1388,11
1389,3
1390,10
1391,3
1392,4
1393,15
1394,11
1395,0
1396,13
1397,12
1398,12
1399,10
1400,11
1401,1
1402,7
1403,8
1404,8
1405,15
1406,14
1407,10
1408,2
1409,15
1410,2
1411,7
1412,7
1413,10
1414,3
1415,3
1416,2
1417,12
1418,11
1419,5
1420,4
1421,1
1422,6
1423,7
1424,1
1425,11
1426,1
1427,15
1428,8
1429,12
1430,15
1431,0
1432,11
1433,15
1434,3
1435,0
1436,12
1437,14
1438,6
1439,14
1440,2
1441,10
1442,14
1443,9
1444,6
1445,10
1446,4
1447,6
1448,4
1449,1
1450,2
1451,7
1452,13
1453,6
1454,12
1455,9
1456,5
1457,3
1458,0
1459,5
1460,1
1461,3
1462,12
1463,0
1464,4
1465,15
1466,8
1467,9
1468,9
1469,15
1470,3
1471,4
1472,5
1473,7
1474,12
1475,11
1476,7
1477,3
1478,6
1479,8
1480,7
1481,13
1482,3
1483,2
1484,0
1485,5
1486,5
1487,11
1488,6
1489,4
1490,15
1491,12
1492,0
1493,4
1494,9
1495,4
1496,11
1497,7
1498,3
1499,7
1500,1
1501,2
1502,13
1503,0
1504,6
1505,0
1506,4
1507,3
1508,5
1509,4
1510,5
1511,3
1512,0
1513,15
1514,4
1515,10
1516,13
1517,8
1518,11
1519,10
1520,14
1521,12
1522,9
1523,4
1524,10
1525,9
1526,0
1527,13
1528,7
1529,10
1530,15
1531,12
1532,12
1533,4
1534,2
1535,10
1536,0
1537,15
1538,9
1539,4
1540,10
1541,6
1542,6
1543,8
1544,14
1545,1
1546,15
1547,6
1548,13
1549,11
1550,9
1551,2
1552,8
1553,12
1554,4
1555,5
1556,4
1557,8
1558,1
1559,10
1560,5
1561,10
1562,2
1563,8
1564,10
1565,6
1566,15
1567,12
1568,11
1569,8
1570,14
1571,4
1572,12
1573,5
1574,13
1575,10
1576,8
1577,14
1578,13
1579,12
1580,4
1581,3
1582,12
1583,0
1584,5
1585,15
1586,6
1587,6
1588,8
1589,14
1590,7
1591,8
1592,7
1593,6
1594,10
1595,0
1596,1
1597,0
1598,12
1599,13
1600,15
1601,3
1602,0
1603,9
1604,2
1605,3
1606,3
1607,2
1608,7
1609,12
1610,9
1611,6
1612,15
1613,1
1614,4
1615,1
1616,3
1617,7
1618,15
1619,14
1620,12
1621,8
1622,14
1623,11
1624,7
1625,2
1626,9
1627,6
1628,0
1629,4
1630,3
1631,4
1632,10
1633,3
1634,14
1635,15
1636,9
1637,7
1638,4
1639,10
1640,6
1641,11
1642,7
1643,0
1644,6
1645,12
1646,3
1647,6
1648,3
1649,7
1650,9
1651,1
1652,7
1653,0
1654,15
1655,7
1656,5
1657,15
1658,0
1659,12
1660,15
1661,12
1662,5
1663,0
1664,10
1665,4
1666,4
1667,15
1668,0
1669,14
1670,8
1671,3
1672,8
1673,5
1674,5
1675,2
1676,13
1677,1
1678,3
1679,5
1680,4
1681,13
1682,3
1683,13
1684,5
1685,14
1686,3
1687,8
1688,10
1689,14
1690,12
1691,11
1692,10
1693,15
1694,11
1695,10
1696,2
1697,3
1698,1
1699,11
1700,10
1701,14
1702,1
1703,13
1704,14
1705,9
1706,15
1707,5
1708,3
1709,8
1710,7
1711,0
1712,15
1713,9
1714,0
1715,3
1716,11
1717,9
1718,0
1719,11
1720,2
1721,13
1722,10
1723,13
1724,13
1725,7
1726,6
1727,12
1728,14
1729,13
1730,6
1731,5
1732,10
1733,8
1734,6
1735,8
1736,6
1737,2
1738,9
1739,10
1740,11
1741,0
1742,14
1743,13
1744,4
1745,8
1746,5
1747,12
1748,9
1749,1
1750,8
1751,14
1752,14
1753,8
1754,6
1755,9
1756,3
1757,14
1758,12
1759,13
1760,15
1761,8
1762,5
1763,4
1764,7
1765,13
1766,6
1767,6
1768,4
1769,12
1770,12
1771,7
1772,6
1773,2
1774,7
1775,4
1776,11
1777,15
1778,6
1779,6
1780,0
1781,5
1782,15
1783,7
1784,11
1785,15
1786,1
1787,14
1788,0
1789,0
1790,15
1791,3
1792,7
1793,13
1794,10
1795,4
1796,8
1797,11
1798,14
1799,8
1800,8
1801,3
1802,4
1803,13
1804,4
1805,6
1806,11
1807,4
1808,14
1809,4
1810,0
1811,0
1812,4
1813,0
1814,2
1815,14
1816,12
1817,9
1818,15
1819,9
1820,7
1821,12
1822,6
1823,8
1824,10
1825,13
1826,0
1827,0
1828,0
1829,7
1830,12
1831,15
1832,8
1833,4
1834,0
1835,4
1836,13
1837,15
1838,15
1839,1
1840,1
1841,0
1842,11
1843,4
1844,2
1845,1
1846,13
1847,15
1848,14
1849,15
1850,13
1851,6
1852,3
1853,13
1854,0
1855,8
1856,5
1857,15
1858,10
1859,11
1860,5
1861,13
1862,7
1863,1
1864,3
1865,14
1866,8
1867,1
1868,1
1869,10
1870,2
1871,14
1872,11
1873,8
1874,13
1875,15
1876,12
1877,13
1878,1
1879,15
1880,14
1881,10
1882,8
1883,7
1884,12
1885,5
1886,7
1887,7
1888,6
1889,8
1890,13
1891,3
1892,15
1893,7
1894,0
1895,6
1896,10
1897,7
1898,9
1899,13
1900,11
1901,3
1902,10
1903,4
1904,0
1905,6
1906,11
1907,9
1908,2
1909,3
1910,2
1911,7
1912,12
1913,2
1914,12
1915,15
1916,2
1917,12
1918,4
1919,9
1920,1
1921,12
1922,10
1923,8
1924,2
1925,15
1926,7
1927,9
1928,2
1929,2
1930,2
1931,5
1932,12
1933,12
1934,3
1935,0
1936,15
1937,10
1938,10
1939,8
1940,14
1941,12
1942,1
1943,4
1944,5
1945,12
1946,4
1947,14
1948,13
1949,4
1950,14
1951,9
1952,15
1953,14
1954,15
1955,11
1956,7
1957,4
1958,2
1959,8
1960,14
1961,10
1962,15
1963,4
1964,0
1965,3
1966,1
1967,2
1968,1
1969,14
1970,15
1971,14
1972,10
1973,8
1974,3
1975,6
1976,15
1977,1
1978,10
1979,3
1980,10
1981,2
1982,3
1983,14
1984,1
1985,14
1986,12
1987,7
1988,2
1989,8
1990,11
1991,11
1992,13
1993,1
1994,2
1995,11
1996,4
1997,4
1998,5
1999,1
2000,5
2001,3
2002,10
2003,10
2004,8
2005,11
2006,12
2007,1
2008,2
2009,0
2010,2
2011,9
2012,6
2013,15
2014,12
2015,0
2016,12
2017,5
2018,11
2019,7
2020,3
2021,9
2022,0
2023,10
2024,9
2025,14
2026,8
2027,4
2028,0
2029,1
2030,13
2031,13
2032,10
2033,4
2034,1
2035,7
2036,0
2037,4
2038,1
2039,0
2040,1
2041,6
2042,10
2043,5
2044,9
2045,10
2046,11
2047,10
2048,3
2049,8
2050,11
2051,2
2052,0
2053,2
2054,13
2055,9
2056,0
2057,5
2058,8
2059,11
2060,11
2061,8
2062,2
2063,8
2064,14
2065,13
2066,6
2067,11
2068,2
2069,15
2070,14
2071,10
2072,7
2073,3
2074,7
2075,6
2076,11
2077,5
2078,10
2079,7
2080,5
2081,7
2082,9
2083,11
2084,15
2085,1
2086,2
2087,8
2088,1
2089,4
2090,2
2091,7
2092,0
2093,6
2094,9
2095,8
2096,2
2097,12
2098,3
2099,15
2100,12
2101,6
2102,13
2103,4
2104,5
2105,6
2106,5
2107,8
2108,15
2109,2
2110,0
2111,7
2112,14
2113,11
2114,15
2115,4
2116,7
2117,11
2118,10
2119,13
2120,8
2121,8
2122,2
2123,8
2124,5
2125,8
2126,12
2127,13
2128,13
2129,6
2130,0
2131,7
2132,11
2133,5
2134,7
2135,9
2136,0
2137,11
2138,13
2139,10
2140,3
2141,1
2142,10
2143,12
2144,15
2145,12
2146,4
2147,1
2148,5
2149,6
2150,1
2151,12
2152,1
2153,2
2154,3
2155,14
2156,4
2157,2
2158,9
2159,6
2160,9
2161,1
2162,12
2163,7
2164,0
2165,11
2166,5
2167,13
2168,4
2169,11
2170,11
2171,10
2172,14
2173,8
2174,8
2175,5
2176,12
2177,14
2178,7
2179,9
2180,1
2181,4
2182,3
2183,9
2184,2
2185,12
2186,10
2187,6
2188,12
2189,9
2190,6
2191,12
2192,4
2193,1
2194,15
2195,1
2196,10
2197,2
2198,2
2199,6
2200,10
2201,0
2202,0
2203,7
2204,2
2205,7
2206,11
2207,3
2208,12
2209,2
2210,9
2211,13
2212,8
2213,11
2214,8
2215,10
2216,1
2217,7
2218,13
2219,11
2220,13
2221,3
2222,0
2223,11
2224,8
2225,12
2226,11
2227,6
2228,14
2229,6
2230,7
2231,13
2232,0
2233,3
2234,15
2235,15
2236,14
2237,9
2238,8
2239,10
2240,13
2241,9
2242,13
2243,10
2244,14
2245,0
2246,5
2247,3
2248,2
2249,3
2250,4
2251,1
2252,11
2253,7
2254,3
2255,10
2256,11
2257,12
2258,2
2259,15
2260,1
2261,13
2262,1
2263,9
2264,12
2265,12
2266,14
2267,11
2268,7
2269,6
2270,5
2271,15
2272,13
2273,8
2274,8
2275,11
2276,14
2277,8
2278,14
2279,1
2280,0
2281,8
2282,13
2283,13
2284,7
2285,8
2286,10
2287,14
2288,13
2289,7
2290,13
2291,13
2292,11
2293,7
2294,8
2295,14
2296,6
2297,12
2298,9
2299,3
2300,12
2301,7
2302,8
2303,1
2304,0
2305,1
2306,12
2307,4
2308,7
2309,15
2310,7
2311,1
2312,13
2313,1
2314,8
2315,7
2316,5
2317,6
2318,11
2319,15
2320,4
2321,11
2322,8
2323,1
2324,14
2325,7
2326,13
2327,4
2328,9
2329,3
2330,5
2331,11
2332,6
2333,13
2334,3
2335,7
2336,15
2337,12
2338,13
2339,10
2340,0
2341,3
2342,8
2343,7
2344,14
2345,1
2346,7
2347,4
2348,8
2349,4
2350,4
2351,6
2352,5
2353,14
2354,8
2355,12
2356,12
2357,5
2358,14
2359,13
2360,0
2361,8
2362,15
2363,6
2364,0
2365,11
2366,9
2367,4
2368,5
2369,13
2370,14
2371,8
2372,5
2373,6
2374,12
2375,3
2376,0
2377,0
2378,12
2379,10
2380,9
2381,7
2382,5
2383,2
2384,2
2385,8
2386,0
2387,11
2388,12
2389,12
2390,0
2391,6
2392,5
2393,13
2394,15
2395,13
2396,5
2397,9
2398,2
2399,3
2400,12
2401,7
2402,7
2403,13
2404,5
2405,10
2406,15
2407,0
2408,4
2409,5
2410,1
2411,8
2412,3
2413,6
2414,11
2415,15
2416,5
2417,2
2418,4
2419,0
2420,14
2421,6
2422,9
2423,3
2424,6
2425,15
2426,3
2427,4
2428,9
2429,10
2430,1
2431,4
2432,5
2433,8
2434,3
2435,15
2436,1
2437,9
2438,14
2439,4
2440,13
2441,5
2442,2
2443,8
2444,6
2445,0
2446,3
2447,14
2448,14
2449,6
2450,10
2451,12
2452,2
2453,0
2454,2
2455,2
2456,5
2457,9
2458,1
2459,14
2460,11
2461,12
2462,14
2463,2
2464,15
2465,3
2466,15
2467,1
2468,11
2469,6
2470,6
2471,14
2472,0
2473,1
2474,6
2475,4
2476,15
2477,9
2478,1
2479,1
2480,13
2481,9
2482,15
2483,7
2484,8
2485,14
2486,14
2487,5
2488,15
2489,11
2490,10
2491,9
2492,14
2493,2
2494,14
2495,1
2496,6
2497,9
2498,8
2499,12
2500,3
2501,1
2502,12
2503,12
2504,3
2505,8
2506,6
2507,7
2508,4
2509,12
2510,0
2511,10
2512,5
2513,8
2514,14
2515,15
2516,7
2517,8
2518,1
2519,3
2520,9
2521,12
2522,10
2523,14
2524,8
2525,4
2526,4
2527,5
2528,1
2529,1
2530,3
2531,0
2532,0
2533,13
2534,1
2535,14
2536,9
2537,5
2538,12
2539,15
2540,11
2541,15
2542,4
2543,6
2544,0
2545,1
2546,3
2547,10
2548,10
2549,1
2550,3
2551,0
2552,6
2553,10
2554,0
2555,8
2556,13
2557,8
2558,1
2559,3
2560,1
2561,3
2562,6
2563,11
2564,0
2565,7
2566,10
2567,9
2568,12
2569,1
2570,7
2571,12
2572,4
2573,15
2574,15
2575,7
2576,12
2577,7
2578,13
2579,0
2580,7
2581,5
2582,9
2583,11
2584,7
2585,11
2586,12
2587,15
2588,15
2589,5
2590,12
2591,4
2592,8
2593,13
2594,14
2595,10
2596,5
2597,12
2598,4
2599,2
2600,11
2601,12
2602,4
2603,6
2604,3
2605,12
2606,6
2607,5
2608,2
2609,2
2610,15
2611,11
2612,8
2613,9
2614,4
2615,15
2616,15
2617,7
2618,0
2619,12
2620,3
2621,7
2622,3
2623,0
2624,6
2625,4
2626,3
2627,10
2628,4
2629,11
2630,6
2631,8
2632,4
2633,8
2634,11
2635,0
2636,1
2637,7
2638,2
2639,13
2640,7
2641,4
2642,14
2643,4
2644,4
2645,12
2646,6
2647,9
2648,15
2649,14
2650,7
2651,0
2652,0
2653,3
2654,15
2655,3
2656,5
2657,3
2658,10
2659,8
2660,14
2661,5
2662,13
2663,6
2664,12
2665,12
2666,5
2667,1
2668,3
2669,9
2670,0
2671,9
2672,10
2673,4
2674,4
2675,13
2676,10
2677,5
2678,11
2679,9
2680,14
2681,4
2682,8
2683,15
2684,4
2685,0
2686,5
2687,0
2688,11
2689,12
2690,12
2691,3
2692,15
2693,14
2694,11
2695,7
2696,15
2697,6
2698,6
2699,14
2700,3
2701,2
2702,2
2703,8
2704,4
2705,9
2706,6
2707,8
2708,0
2709,0
2710,14
2711,7
2712,5
2713,14
2714,11
2715,10
2716,4
2717,0
2718,12
2719,8
2720,6
2721,11
2722,9
2723,9
2724,14
2725,12
2726,8
2727,8
2728,10
2729,10
2730,13
2731,3
2732,9
2733,4
2734,12
2735,13
2736,5
2737,4
2738,15
2739,2
2740,8
2741,4
2742,8
2743,0
2744,12
2745,11
2746,3
2747,3
2748,4
2749,15
2750,10
2751,1
2752,15
2753,11
2754,12
2755,9
2756,0
2757,2
2758,8
2759,2
2760,4
2761,11
2762,9
2763,11
2764,7
2765,1
2766,14
2767,11
2768,13
2769,14
2770,10
2771,12
2772,6
2773,1
2774,9
2775,8
2776,13
2777,2
2778,0
2779,15
2780,10
2781,4
2782,12
2783,0
2784,1
2785,0
2786,12
2787,12
2788,8
2789,7
2790,4
2791,6
2792,15
2793,5
2794,7
2795,0
2796,9
2797,8
2798,8
2799,1
2800,13
2801,14
2802,2
2803,9
2804,1
2805,1
2806,0
2807,9
2808,3
2809,4
2810,0
2811,3
2812,6
2813,4
2814,3
2815,4
2816,8
2817,3
2818,12
2819,7
2820,15
2821,14
2822,13
2823,9
2824,3
2825,10
2826,11
2827,11
2828,8
2829,15
2830,8
2831,12
2832,2
2833,10
2834,1
2835,4
2836,2
2837,11
2838,1
2839,4
2840,9
2841,2
2842,3
2843,15
2844,14
2845,0
2846,7
2847,15
2848,1
2849,4
2850,3
2851,9
2852,1
2853,9
2854,5
2855,1
2856,15
2857,2
2858,2
2859,14
2860,2
2861,11
2862,0
2863,14
2864,3
2865,10
2866,6
2867,13
2868,2
2869,10
2870,3
2871,8
2872,2
2873,8
2874,4
2875,8
2876,7
2877,0
2878,12
2879,4
2880,11
2881,7
2882,13
2883,11
2884,1
2885,13
2886,6
2887,2
2888,13
2889,14
2890,12
2891,2
2892,3
2893,4
2894,0
2895,0
2896,1
2897,9
2898,7
2899,3
2900,2
2901,15
2902,4
2903,12
2904,14
2905,0
2906,3
2907,7
2908,0
2909,10
2910,4
2911,0
2912,10
2913,15
2914,3
2915,9
2916,9
2917,6
2918,11
2919,11
2920,9
2921,11
2922,8
2923,1
2924,1
2925,1
2926,15
2927,14
2928,6
2929,8
2930,2
2931,9
2932,2
2933,11
2934,12
2935,2
2936,6
2937,6
2938,14
2939,13
2940,10
2941,11
2942,3
2943,8
2944,5
2945,4
2946,11
2947,14
2948,15
2949,15
2950,11
2951,6
2952,13
2953,2
2954,1
2955,3
2956,15
2957,10
2958,3
2959,14
2960,4
2961,11
2962,1
2963,3
2964,2
2965,12
2966,13
2967,15
2968,13
2969,12
2970,15
2971,4
2972,4
2973,9
2974,9
2975,12
2976,3
2977,12
2978,11
2979,10
2980,4
2981,15
2982,15
2983,3
2984,2
2985,13
2986,3
2987,5
2988,6
2989,5
2990,0
2991,5
2992,0
2993,11
2994,10
2995,1
2996,3
2997,11
2998,14
2999,12
3000,7
3001,11
3002,13
3003,5
3004,3
3005,7
3006,8
3007,5
3008,0
3009,0
3010,15
3011,7
3012,4
3013,2
3014,5
3015,0
3016,8
3017,11
3018,15
3019,4
3020,15
3021,10
3022,3
3023,4
3024,8
3025,14
3026,5
3027,7
3028,0
3029,8
3030,6
3031,8
3032,10
3033,6
3034,4
3035,8
3036,13
3037,9
3038,10
3039,10
3040,2
3041,10
3042,10
3043,9
3044,8
3045,4
3046,10
3047,4
3048,2
3049,2
3050,7
3051,0
3052,5
3053,14
3054,0
3055,12
3056,11
3057,10
3058,5
3059,3
3060,11
3061,1
3062,15
3063,3
3064,8
3065,0
3066,6
3067,1
3068,6
3069,2
3070,8
3071,13
3072,12
3073,13
3074,14
3075,14
3076,15
3077,5
3078,1
3079,4
3080,3
3081,9
3082,8
3083,13
3084,10
3085,9
3086,10
3087,14
3088,5
3089,2
3090,2
3091,1
3092,2
3093,15
3094,4
3095,1
3096,3
3097,15
3098,6
3099,9
3100,9
3101,5
3102,4
3103,10
3104,10
3105,1
3106,10
3107,0
3108,14
3109,3
3110,8
3111,11
3112,1
3113,14
3114,4
3115,2
3116,8
3117,3
3118,8
3119,0
3120,11
3121,3
3122,15
3123,3
3124,4
3125,4
3126,13
3127,10
3128,14
3129,4
3130,13
3131,14
3132,5
3133,6
3134,0
3135,9
3136,2
3137,5
3138,1
3139,8
3140,1
3141,14
3142,4
3143,13
3144,15
3145,1
3146,7
3147,5
3148,12
3149,8
3150,6
3151,14
3152,3
3153,14
3154,5
3155,15
3156,7
3157,10
3158,8
3159,2
3160,10
3161,14
3162,2
3163,4
3164,0
3165,11
3166,14
3167,1
3168,9
3169,3
3170,10
3171,12
3172,13
3173,9
3174,13
3175,10
3176,1
3177,3
3178,12
3179,7
3180,12
3181,6
3182,1
3183,9
3184,13
3185,13
3186,6
3187,9
3188,0
3189,4
3190,12
3191,15
3192,10
3193,15
3194,12
3195,13
3196,4
3197,6
3198,12
3199,13
3200,10
3201,8
3202,0
3203,14
3204,1
3205,6
3206,9
3207,9
3208,4
3209,0
3210,13
3211,3
3212,12
3213,15
3214,6
3215,8
3216,5
3217,11
3218,3
3219,11
3220,13
3221,10
3222,14
3223,8
3224,10
3225,7
3226,2
3227,6
3228,14
3229,13
3230,15
3231,11
3232,1
3233,3
3234,0
3235,1
3236,5
3237,3
3238,2
3239,2
3240,10
3241,15
3242,3
3243,6
3244,15
3245,1
3246,12
3247,7
3248,9
3249,10
3250,0
3251,10
3252,14
3253,8
3254,9
3255,6
3256,10
3257,4
3258,5
3259,11
3260,7
3261,5
3262,4
3263,8
3264,1
3265,4
3266,0
3267,9
3268,4
3269,4
3270,5
3271,12
3272,5
3273,0
3274,12
3275,6
3276,6
3277,14
3278,2
3279,13
3280,15
3281,4
3282,10
3283,10
3284,8
3285,10
3286,0
3287,13
3288,8
3289,10
3290,0
3291,7
3292,9
3293,2
3294,2
3295,14
3296,10
3297,10
3298,13
3299,7
3300,2
3301,8
3302,4
3303,10
3304,14
3305,2
3306,2
3307,14
3308,7
3309,6
3310,8
3311,14
3312,5
3313,11
3314,11
3315,10
3316,8
3317,1
3318,14
3319,10
3320,2
3321,8
3322,2
3323,15
3324,7
3325,12
3326,12
3327,13
3328,7
3329,8
3330,4
3331,7
3332,1
3333,0
3334,10
3335,10
3336,4
3337,10
3338,6
3339,11
3340,9
3341,11
3342,12
3343,12
3344,11
3345,1
3346,7
3347,14
3348,10
3349,8
3350,3
3351,1
3352,15
3353,0
3354,1
3355,0
3356,6
3357,3
3358,4
3359,6
3360,12
3361,4
3362,12
3363,11
3364,7
3365,15
3366,0
3367,10
3368,10
3369,7
3370,15
3371,7
3372,13
3373,10
3374,11
3375,13
3376,0
3377,7
3378,3
3379,9
3380,1
3381,3
3382,13
3383,8
3384,10
3385,12
3386,13
3387,10
3388,0
3389,13
3390,1
3391,11
3392,2
3393,4
3394,8
3395,0
3396,10
3397,14
3398,8
3399,7
3400,0
3401,3
3402,4
3403,3
3404,12
3405,0
3406,7
3407,14
3408,9
3409,8
3410,4
3411,2
3412,15
3413,5
3414,1
3415,3
3416,13
3417,1
3418,14
3419,12
3420,0
3421,7
3422,11
3423,14
3424,0
3425,5
3426,15
3427,1
3428,2
3429,15
3430,4
3431,10
3432,12
3433,15
3434,10
3435,6
3436,4
3437,5
3438,4
3439,13
3440,13
3441,12
3442,14
3443,9
3444,11
3445,12
3446,2
3447,15
3448,15
3449,3
3450,12
3451,15
3452,13
3453,15
3454,15
3455,5
3456,8
3457,10
3458,8
3459,4
3460,5
3461,4
3462,12
3463,10
3464,10
3465,2
3466,13
3467,3
3468,14
3469,7
3470,9
3471,8
3472,1
3473,8
3474,3
3475,0
3476,5
3477,2
3478,8
3479,11
3480,8
3481,5
3482,0
3483,1
3484,8
3485,1
3486,3
3487,10
3488,15
3489,12
3490,0
3491,14
3492,12
3493,11
3494,11
3495,3
3496,11
3497,11
3498,11
3499,4
3500,9
3501,0
3502,3
3503,14
3504,0
3505,3
3506,4
3507,5
3508,1
3509,8
3510,13
3511,3
3512,4
3513,15
3514,1
3515,4
3516,2
3517,10
3518,8
3519,8
3520,15
3521,10
3522,14
3523,12
3524,11
3525,10
3526,13
3527,15
3528,3
3529,6
3530,12
3531,6
3532,0
3533,12
3534,0
3535,9
3536,7
3537,7
3538,14
3539,12
3540,13
3541,12
3542,13
3543,7
3544,14
3545,9
3546,3
3547,4
3548,3
3549,14
3550,10
3551,10
3552,8
3553,10
3554,8
3555,12
3556,12
3557,4
3558,13
3559,9
3560,0
3561,15
3562,8
3563,13
3564,3
3565,1
3566,11
3567,13
3568,8
3569,3
3570,2
3571,9
3572,9
3573,14
3574,7
3575,0
3576,11
3577,10
3578,9
3579,13
3580,14
3581,1
3582,9
3583,15
3584,9
3585,12
3586,14
3587,2
3588,14
3589,14
3590,8
3591,10
3592,0
3593,5
3594,15
3595,0
3596,13
3597,12
3598,1
3599,14
3600,2
3601,7
3602,10
3603,2
3604,2
3605,8
3606,14
3607,9
3608,14
3609,7
3610,6
3611,1
3612,3
3613,1
3614,15
3615,10
3616,13
3617,5
3618,6
3619,1
3620,15
3621,10
3622,9
3623,11
3624,0
3625,13
3626,1
3627,2
3628,8
3629,0
3630,14
3631,13
3632,4
3633,9
3634,8
3635,8
3636,10
3637,13
3638,8
3639,1
3640,12
3641,14
3642,3
3643,0
3644,1
3645,11
3646,0
3647,6
3648,3
3649,7
3650,0
3651,7
3652,12
3653,9
3654,4
3655,4
3656,1
3657,15
3658,15
3659,5
3660,15
3661,13
3662,15
3663,8
3664,0
3665,11
3666,7
3667,2
3668,7
3669,13
3670,13
3671,2
3672,13
3673,10
3674,11
3675,14
3676,2
3677,9
3678,3
3679,15
3680,15
3681,10
3682,10
3683,10
3684,5
3685,6
3686,9
3687,14
3688,13
3689,15
3690,10
3691,5
3692,0
3693,1
3694,11
3695,0
3696,14
3697,2
3698,4
3699,4
3700,15
3701,9
3702,5
3703,6
3704,6
3705,4
3706,2
3707,10
3708,1
3709,4
3710,14
3711,5
3712,14
3713,0
3714,2
3715,5
3716,6
3717,3
3718,3
3719,1
3720,0
3721,3
3722,0
3723,1
3724,11
3725,4
3726,1
3727,0
3728,6
3729,11
3730,5
3731,10
3732,3
3733,3
3734,7
3735,11
3736,6
3737,8
3738,11
3739,14
3740,3
3741,0
3742,1
3743,4
3744,2
3745,7
3746,11
3747,5
3748,12
3749,7
3750,1
3751,1
3752,1
3753,15
3754,13
3755,1
3756,13
3757,0
3758,15
3759,1
3760,5
3761,9
3762,13
3763,11
3764,3
3765,13
3766,9
3767,2
3768,2
3769,14
3770,11
3771,8
3772,11
3773,4
3774,7
3775,5
3776,3
3777,1
3778,2
3779,13
3780,11
3781,7
3782,10
3783,6
3784,12
3785,11
3786,3
3787,6
3788,10
3789,5
3790,6
3791,2
3792,12
3793,7
3794,13
3795,15
3796,1
3797,13
3798,13
3799,3
3800,2
3801,10
3802,0
3803,5
3804,8
3805,2
3806,4
3807,7
3808,2
3809,5
3810,12
3811,5
3812,0
3813,6
3814,15
3815,4
3816,9
3817,2
3818,14
3819,13
3820,8
3821,5
3822,11
3823,12
3824,5
3825,3
3826,8
3827,5
3828,2
3829,2
3830,7
3831,6
3832,0
3833,14
3834,3
3835,1
3836,6
3837,6
3838,3
3839,2
3840,8
3841,4
3842,0
3843,2
3844,12
3845,8
3846,14
3847,4
3848,14
3849,12
3850,12
3851,10
3852,2
3853,6
3854,10
3855,3
3856,1
3857,0
3858,1
3859,3
3860,11
3861,15
3862,11
3863,3
3864,4
3865,14
3866,13
3867,7
3868,12
3869,11
3870,4
3871,10
3872,5
3873,0
3874,7
3875,1
3876,5
3877,15
3878,6
3879,3
3880,13
3881,9
3882,8
3883,1
3884,9
3885,3
3886,9
3887,3
3888,12
3889,5
3890,0
3891,5
3892,5
3893,6
3894,4
3895,9
3896,4
3897,2
3898,1
3899,11
3900,2
3901,4
3902,15
3903,3
3904,14
3905,2
3906,4
3907,14
3908,14
3909,11
3910,15
3911,10
3912,1
3913,9
3914,2
3915,14
3916,3
3917,1
3918,9
3919,2
3920,5
3921,7
3922,4
3923,1
3924,2
3925,4
3926,7
3927,4
3928,1
3929,6
3930,10
3931,1
3932,15
3933,15
3934,12
3935,13
3936,1
3937,5
3938,1
3939,8
3940,14
3941,1
3942,4
3943,8
3944,1
3945,11
3946,12
3947,15
3948,1
3949,3
3950,12
3951,3
3952,9
3953,11
3954,10
3955,5
3956,13
3957,10
3958,11
3959,14
3960,6
3961,13
3962,10
3963,12
3964,14
3965,12
3966,15
3967,9
3968,12
3969,11
3970,4
3971,1
3972,10
3973,11
3974,1
3975,2
3976,7
3977,2
3978,15
3979,6
3980,12
3981,8
3982,2
3983,13
3984,5
3985,9
3986,11
3987,13
3988,15
3989,1
3990,2
3991,3
3992,12
3993,0
3994,2
3995,11
3996,12
3997,8
3998,8
3999,0
4000,2
4001,8
4002,13
4003,1
4004,15
4005,6
4006,3
4007,2
4008,4
4009,8
4010,15
4011,7
4012,14
4013,11
4014,0
4015,5
4016,0
4017,3
4018,0
4019,1
4020,9
4021,12
4022,3
4023,4
4024,9
4025,3
4026,9
4027,9
4028,7
4029,0
4030,14
4031,4
4032,8
4033,1
4034,0
4035,12
4036,14
4037,0
4038,4
4039,10
4040,0
4041,10
4042,10
4043,11
4044,2
4045,11
4046,14
4047,7
4048,1
4049,4
4050,4
4051,12
4052,14
4053,10
4054,5
4055,0
4056,3
4057,9
4058,7
4059,1
4060,12
4061,13
4062,4
4063,7
4064,14
4065,15
4066,2
4067,3
4068,14
4069,1
4070,5
4071,10
4072,1
4073,1
4074,2
4075,15
4076,12
4077,7
4078,13
4079,14
4080,14
4081,10
4082,7
4083,11
4084,12
4085,15
4086,15
4087,0
4088,10
4089,14
4090,4
4091,14
4092,4
4093,4
4094,7
4095,12
4096,15
4097,4
4098,14
4099,13
4100,11
4101,0
4102,14
4103,8
4104,2
4105,0
4106,2
4107,0
4108,4
4109,1
4110,0
4111,3
4112,0
4113,0
4114,11
4115,8
4116,12
4117,1
4118,4
4119,14
4120,13
4121,13
4122,8
4123,3
4124,12
4125,12
4126,2
4127,2
4128,3
4129,0
4130,13
4131,7
4132,15
4133,2
4134,7
4135,2
4136,4
4137,7
4138,3
4139,12
4140,9
4141,6
4142,15
4143,0
4144,3
4145,12
4146,1
4147,2
4148,15
4149,5
4150,0
4151,8
4152,7
4153,13
4154,0
4155,4
4156,7
4157,13
4158,5
4159,0
4160,4
4161,2
4162,8
4163,12
4164,9
4165,4
4166,2
4167,5
4168,5
4169,11
4170,2
4171,12
4172,3
4173,11
4174,8
4175,5
4176,1
4177,14
4178,6
4179,13
4180,5
4181,12
4182,2
4183,10
4184,0
4185,7
4186,9
4187,15
4188,9
4189,0
4190,1
4191,1
4192,7
4193,11
4194,3
4195,0
4196,5
4197,13
4198,8
4199,11
4200,6
4201,2
4202,10
4203,6
4204,1
4205,1
4206,14
4207,14
4208,0
4209,8
4210,14
4211,3
4212,15
4213,8
4214,12
4215,2
4216,9
4217,10
4218,8
4219,8
4220,8
4221,12
4222,1
4223,13
4224,12
4225,6
4226,1
4227,6
4228,5
4229,7
4230,12
4231,2
4232,8
4233,8
4234,3
4235,9
4236,10
4237,3
4238,13
4239,11
4240,2
4241,5
4242,1
4243,11
4244,14
4245,8
4246,1
4247,14
4248,4
4249,14
4250,6
4251,5
4252,11
4253,6
4254,6
4255,12
4256,4
4257,14
4258,6
4259,8
4260,0
4261,8
4262,12
4263,4
4264,11
4265,6
4266,10
4267,6
4268,0
4269,8
4270,0
4271,4
4272,4
4273,12
4274,5
4275,6
4276,7
4277,7
4278,11
4279,8
4280,4
4281,3
4282,14
4283,11
4284,12
4285,0
4286,6
4287,7
4288,3
4289,11
4290,15
4291,1
4292,8
4293,13
4294,10
4295,9
4296,11
4297,1
4298,7
4299,11
4300,11
4301,10
4302,12
4303,11
4304,9
4305,5
4306,4
4307,1
4308,7
4309,2
4310,12
4311,3
4312,15
4313,4
4314,5
4315,14
4316,9
4317,7
4318,8
4319,2
4320,14
4321,11
4322,13
4323,5
4324,1
4325,3
4326,4
4327,6
4328,0
4329,6
4330,14
4331,0
4332,9
4333,14
4334,5
4335,11
4336,1
4337,13
4338,0
4339,7
4340,4
4341,7
4342,0
4343,4
4344,7
4345,0
4346,1
4347,11
4348,3
4349,3
4350,9
4351,8
4352,8
4353,8
4354,14
4355,4
4356,11
4357,15
4358,1
4359,14
4360,9
4361,12
4362,9
4363,4
4364,8
4365,14
4366,14
4367,15
4368,0
4369,0
4370,14
4371,10
4372,14
4373,4
4374,14
4375,13
4376,9
4377,10
4378,14
4379,3
4380,8
4381,10
4382,7
4383,12
4384,11
4385,15
4386,15
4387,5
4388,15
4389,3
4390,5
4391,2
4392,10
4393,0
4394,13
4395,9
4396,12
4397,6
4398,8
4399,14
4400,2
4401,5
4402,4
4403,10
4404,13
4405,1
4406,7
4407,15
4408,9
4409,5
4410,7
4411,9
4412,2
4413,0
4414,13
4415,5
4416,4
4417,11
4418,12
4419,8
4420,10
4421,3
4422,2
4423,1
4424,12
4425,15
4426,15
4427,13
4428,6
4429,14
4430,12
4431,1
4432,9
4433,0
4434,6
4435,14
4436,11
4437,0
4438,12
4439,5
4440,14
4441,6
4442,10
4443,14
4444,13
4445,4
4446,2
4447,3
4448,11
4449,5
4450,8
4451,2
4452,13
4453,13
4454,6
4455,3
4456,7
4457,4
4458,3
4459,7
4460,3
4461,8
4462,9
4463,2
4464,4
4465,10
4466,8
4467,2
4468,3
4469,5
4470,10
4471,2
4472,0
4473,6
4474,9
4475,2
4476,5
4477,10
4478,1
4479,3
4480,3
4481,9
4482,9
4483,0
4484,5
4485,14
4486,2
4487,8
4488,13
4489,0
4490,10
4491,12
4492,3
4493,15
4494,5
4495,6
4496,14
4497,10
4498,3
4499,11
4500,13
4501,6
4502,15
4503,13
4504,7
4505,8
4506,0
4507,15
4508,10
4509,1
4510,15
4511,8
4512,9
4513,15
4514,0
4515,5
4516,3
4517,8
4518,6
4519,14
4520,5
4521,10
4522,3
4523,0
4524,10
4525,11
4526,2
4527,5
4528,2
4529,3
4530,15
4531,15
4532,13
4533,5
4534,9
4535,2
4536,14
4537,5
4538,7
4539,9
4540,1
4541,14
4542,5
4543,13
4544,1
4545,7
4546,11
4547,8
4548,15
4549,0
4550,15
4551,5
4552,7
4553,12
4554,12
4555,0
4556,11
4557,5
4558,0
4559,13
4560,11
4561,1
4562,11
4563,11
4564,2
4565,8
4566,0
4567,13
4568,14
4569,6
4570,2
4571,7
4572,4
4573,2
4574,5
4575,8
4576,7
4577,0
4578,7
4579,13
4580,4
4581,0
4582,2
4583,4
4584,9
4585,7
4586,0
4587,14
4588,8
4589,6
4590,14
4591,15
4592,13
4593,14
4594,4
4595,9
4596,14
4597,8
4598,0
4599,1
4600,4
4601,7
4602,5
4603,3
4604,10
4605,11
4606,14
4607,4
4608,6
4609,3
4610,4
4611,9
4612,0
4613,10
4614,2
4615,2
4616,7
4617,5
4618,13
4619,14
4620,4
4621,7
4622,13
4623,10
4624,13
4625,7
4626,9
4627,1
4628,6
4629,15
4630,6
4631,1
4632,8
4633,7
4634,11
4635,15
4636,5
4637,8
4638,5
4639,8
4640,0
4641,2
4642,4
4643,4
4644,15
4645,8
4646,10
4647,4
4648,10
4649,4
4650,11
4651,8
4652,15
4653,13
4654,0
4655,2
4656,10
4657,13
4658,1
4659,6
4660,12
4661,11
4662,7
4663,14
4664,15
4665,2
4666,12
4667,11
4668,12
4669,12
4670,12
4671,11
4672,5
4673,0
4674,10
4675,13
4676,1
4677,15
4678,2
4679,3
4680,13
4681,11
4682,2
4683,11
4684,10
4685,6
4686,8
4687,15
4688,6
4689,8
4690,0
4691,13
4692,12
4693,11
4694,10
4695,7
4696,8
4697,12
4698,15
4699,10
4700,0
4701,8
4702,5
4703,11
4704,10
4705,12
4706,12
4707,10
4708,9
4709,5
4710,13
4711,8
4712,2
4713,15
4714,2
4715,2
4716,1
4717,6
4718,6
4719,14
4720,5
4721,4
4722,5
4723,13
4724,12
4725,14
4726,15
4727,8
4728,0
4729,4
4730,7
4731,7
4732,8
4733,7
4734,7
4735,14
4736,10
4737,8
4738,10
4739,7
4740,7
4741,3
4742,14
4743,8
4744,6
4745,15
4746,10
4747,3
4748,6
4749,3
4750,6
4751,14
4752,14
4753,2
4754,7
4755,14
4756,8
4757,11
4758,5
4759,8
4760,0
4761,6
4762,14
4763,11
4764,11
4765,0
4766,12
4767,15
4768,2
4769,14
4770,12
4771,14
4772,3
4773,13
4774,0
4775,4
4776,0
4777,2
4778,15
4779,15
4780,10
4781,6
4782,15
4783,3
4784,7
4785,15
4786,13
4787,11
4788,0
4789,2
4790,5
4791,15
4792,13
4793,4
4794,12
4795,15
4796,13
4797,12
4798,1
4799,15
4800,9
4801,11
4802,11
4803,10
4804,6
4805,4
4806,0
4807,2
4808,0
4809,7
4810,15
4811,7
4812,7
4813,11
4814,15
4815,4
4816,5
4817,11
4818,15
4819,14
4820,7
4821,10
4822,5
4823,10
4824,7
4825,13
4826,12
4827,1
4828,13
4829,3
4830,7
4831,5
4832,7
4833,12
4834,5
4835,14
4836,10
4837,5
4838,12
4839,12
4840,2
4841,9
4842,3
4843,15
4844,0
4845,11
4846,2
4847,2
4848,7
4849,11
4850,0
4851,11
4852,5
4853,14
4854,13
4855,0
4856,15
4857,6
4858,0
4859,1
4860,11
4861,13
4862,6
4863,11
4864,3
4865,3
4866,11
4867,14
4868,2
4869,11
4870,12
4871,1
4872,7
4873,12
4874,10
4875,15
4876,13
4877,11
4878,1
4879,6
4880,12
4881,14
4882,0
4883,13
4884,5
4885,4
4886,7
4887,11
4888,5
4889,6
4890,13
4891,2
4892,13
4893,4
4894,1
4895,4
4896,1
4897,9
4898,0
4899,2
4900,2
4901,15
4902,12
4903,4
4904,10
4905,3
4906,8
4907,1
4908,15
4909,13
4910,6
4911,6
4912,2
4913,7
4914,8
4915,1
4916,2
4917,9
4918,13
4919,14
4920,12
4921,1
4922,10
4923,12
4924,0
4925,14
4926,3
4927,14
4928,6
4929,7
4930,11
4931,14
4932,8
4933,14
4934,8
4935,7
4936,4
4937,4
4938,14
4939,14
4940,5
4941,13
4942,2
4943,5
4944,8
4945,11
4946,4
4947,0
4948,1
4949,15
4950,8
4951,3
4952,6
4953,6
4954,11
4955,3
4956,6
4957,4
4958,10
4959,1
4960,9
4961,13
4962,7
4963,14
4964,5
4965,12
4966,15
4967,0
4968,4
4969,12
4970,3
4971,6
4972,15
4973,12
4974,6
4975,8
4976,15
4977,13
4978,3
4979,12
4980,9
4981,7
4982,10
4983,7
4984,1
4985,2
4986,13
4987,7
4988,1
4989,10
4990,0
4991,15
4992,5
4993,9
4994,9
4995,12
4996,0
4997,9
4998,3
4999,9
5000,0
5001,9
5002,11
5003,14
5004,6
5005,0
5006,11
5007,2
5008,8
5009,2
5010,6
5011,1
5012,11
5013,7
5014,13
5015,13
5016,1
5017,3
5018,5
5019,2
5020,2
5021,3
5022,4
5023,3
5024,6
5025,5
5026,5
5027,4
5028,1
5029,11
5030,8
5031,13
5032,10
5033,2
5034,3
5035,4
5036,5
5037,1
5038,5
5039,10
5040,15
5041,0
5042,6
5043,4
5044,1
5045,14
5046,15
5047,0
5048,10
5049,2
5050,4
5051,5
5052,12
5053,5
5054,4
5055,2
5056,13
5057,8
5058,14
5059,12
5060,2
5061,10
5062,5
5063,10
5064,13
5065,6
5066,11
5067,5
5068,5
5069,7
5070,7
5071,10
5072,3
5073,11
5074,14
5075,1
5076,12
5077,9
5078,11
5079,12
5080,12
5081,7
5082,9
5083,3
5084,1
5085,12
5086,15
5087,15
5088,6
5089,5
5090,9
5091,13
5092,2
5093,4
5094,15
5095,14
5096,7
5097,8
5098,8
5099,11
5100,9
5101,6
5102,4
5103,4
5104,6
5105,7
5106,7
5107,3
5108,14
5109,14
5110,11
5111,15
5112,5
5113,9
5114,12
5115,14
5116,11
5117,13
5118,8
5119,12
5120,13
5121,4
5122,6
5123,12
5124,11
5125,7
5126,7
5127,9
5128,15
5129,5
5130,8
5131,10
5132,10
5133,12
5134,10
5135,10
5136,15
5137,2
5138,2
5139,6
5140,3
5141,4
5142,1
5143,14
5144,14
5145,5
5146,14
5147,0
5148,11
5149,13
5150,12
5151,7
5152,7
5153,10
5154,13
5155,8
5156,2
5157,7
5158,10
5159,2
5160,10
5161,7
5162,11
5163,10
5164,4
5165,9
5166,11
5167,10
5168,7
5169,7
5170,1
5171,8
5172,1
5173,12
5174,10
5175,9
5176,2
5177,9
5178,10
5179,14
5180,5
5181,13
5182,6
5183,15
5184,14
5185,15
5186,6
5187,2
5188,7
5189,6
5190,8
5191,15
5192,14
5193,11
5194,12
5195,11
5196,14
5197,0
5198,4
5199,9
5200,4
5201,0
5202,8
5203,13
5204,5
5205,13
5206,3
5207,6
5208,13
5209,2
5210,12
5211,11
5212,13
5213,12
5214,0
5215,12
5216,4
5217,5
5218,7
5219,12
5220,6
5221,10
5222,11
5223,0
5224,5
5225,15
5226,3
5227,0
5228,0
5229,4
5230,5
5231,13
5232,14
5233,11
5234,1
5235,8
5236,15
5237,2
5238,8
5239,4
5240,1
5241,6
5242,7
5243,6
5244,14
5245,10
5246,5
5247,2
5248,9
5249,15
5250,10
5251,15
5252,14
5253,3
5254,8
5255,13
5256,8
5257,8
5258,1
5259,9
5260,0
5261,10
5262,15
5263,4
5264,6
5265,14
5266,5
5267,1
5268,6
5269,2
5270,0
5271,13
5272,10
5273,10
5274,3
5275,12
5276,6
5277,10
5278,7
5279,13
5280,2
5281,13
5282,13
5283,5
5284,7
5285,2
5286,8
5287,4
5288,5
5289,11
5290,10
5291,2
5292,1
5293,2
5294,10
5295,12
5296,15
5297,5
5298,2
5299,13
5300,3
5301,5
5302,3
5303,14
5304,10
5305,14
5306,5
5307,14
5308,0
5309,8
5310,8
5311,8
5312,2
5313,6
5314,11
5315,11
5316,5
5317,1
5318,14
5319,15
5320,10
5321,2
5322,10
5323,5
5324,14
5325,9
5326,5
5327,5
5328,2
5329,8
5330,5
5331,13
5332,8
5333,13
5334,0
5335,15
5336,7
5337,11
5338,10
5339,9
5340,15
5341,7
5342,9
5343,13
5344,1
5345,3
5346,9
5347,4
5348,3
5349,7
5350,15
5351,11
5352,6
5353,1
5354,13
5355,13
5356,4
5357,10
5358,14
5359,3
5360,10
5361,12
5362,9
5363,8
5364,13
5365,8
5366,1
5367,14
5368,0
5369,14
5370,15
5371,12
5372,9
5373,13
5374,14
5375,12
5376,0
5377,11
5378,7
5379,0
5380,7
5381,13
5382,15
5383,12
5384,9
5385,4
5386,9
5387,10
5388,0
5389,2
5390,13
5391,3
5392,8
5393,13
5394,12
5395,3
5396,14
5397,8
5398,0
5399,11
5400,0
5401,3
5402,13
5403,9
5404,15
5405,4
5406,9
5407,12
5408,8
5409,11
5410,2
5411,10
5412,1
5413,6
5414,0
5415,3
5416,4
5417,8
5418,7
5419,15
5420,4
5421,6
5422,10
5423,12
5424,0
5425,15
5426,6
5427,8
5428,13
5429,6
5430,11
5431,10
5432,0
5433,7
5434,15
5435,13
5436,10
5437,8
5438,6
5439,11
5440,14
5441,5
5442,9
5443,6
5444,0
5445,7
5446,9
5447,5
5448,10
5449,10
5450,7
5451,3
5452,9
5453,1
5454,11
5455,13
5456,4
5457,11
5458,2
5459,0
5460,6
5461,11
5462,12
5463,10
5464,13
5465,12
5466,6
5467,1
5468,3
5469,2
5470,1
5471,6
5472,8
5473,0
5474,0
5475,8
5476,8
5477,15
5478,0
5479,13
5480,8
5481,12
5482,11
5483,3
5484,7
5485,1
5486,9
5487,5
5488,0
5489,1
5490,7
5491,9
5492,13
5493,1
5494,3
5495,15
5496,4
5497,4
5498,6
5499,7
5500,13
5501,14
5502,15
5503,12
5504,4
5505,5
5506,6
5507,6
5508,15
5509,13
5510,9
5511,4
5512,10
5513,7
5514,0
5515,1
5516,7
5517,1
5518,9
5519,0
5520,10
5521,9
5522,0
5523,4
5524,0
5525,12
5526,9
5527,7
5528,3
5529,8
5530,1
5531,15
5532,12
5533,0
5534,5
5535,2
5536,15
5537,2
5538,2
5539,3
5540,6
5541,9
5542,0
5543,4
5544,3
5545,1
5546,5
5547,9
5548,14
5549,1
5550,7
5551,1
5552,4
5553,1
5554,7
5555,13
5556,1
5557,15
5558,10
5559,15
5560,13
5561,11
5562,14
5563,8
5564,9
5565,5
5566,3
5567,8
5568,13
5569,15
5570,6
5571,2
5572,6
5573,13
5574,15
5575,0
5576,14
5577,9
5578,5
5579,3
5580,8
5581,4
5582,4
5583,6
5584,12
5585,1
5586,11
5587,3
5588,1
5589,9
5590,10
5591,10
5592,1
5593,3
5594,15
5595,2
5596,11
5597,3
5598,8
5599,14
5600,3
5601,15
5602,10
5603,13
5604,7
5605,10
5606,10
5607,15
5608,14
5609,9
5610,6
5611,0
5612,4
5613,0
5614,6
5615,10
5616,3
5617,11
5618,3
5619,10
5620,9
5621,4
5622,7
5623,7
5624,6
5625,6
5626,5
5627,8
5628,0
5629,5
5630,8
5631,11
5632,7
5633,4
5634,7
5635,2
5636,12
5637,2
5638,13
5639,6
5640,8
5641,1
5642,14
5643,15
5644,8
5645,2
5646,12
5647,0
5648,1
5649,5
5650,8
5651,3
5652,4
5653,7
5654,5
5655,9
5656,15
5657,13
5658,9
5659,15
5660,12
5661,2
5662,14
5663,15
5664,11
5665,0
5666,10
5667,11
5668,8
5669,2
5670,0
5671,0
5672,9
5673,7
5674,15
5675,5
5676,4
5677,11
5678,13
5679,1
5680,9
5681,3
5682,9
5683,12
5684,11
5685,15
5686,4
5687,2
5688,14
5689,4
5690,1
5691,4
5692,2
5693,3
5694,15
5695,1
5696,4
5697,11
5698,5
5699,5
5700,12
5701,13
5702,14
5703,15
5704,5
5705,3
5706,11
5707,15
5708,10
5709,9
5710,8
5711,14
5712,5
5713,8
5714,9
5715,4
5716,1
5717,5
5718,0
5719,2
5720,9
5721,7
5722,11
5723,5
5724,14
5725,4
5726,15
5727,14
5728,13
5729,1
5730,0
5731,1
5732,1
5733,4
5734,14
5735,1
5736,15
5737,4
5738,2
5739,11
5740,9
5741,13
5742,14
5743,6
5744,7
5745,2
5746,9
5747,13
5748,3
5749,4
5750,8
5751,15
5752,11
5753,1
5754,9
5755,6
5756,6
5757,3
5758,10
5759,2
5760,2
5761,7
5762,6
5763,12
5764,4
5765,12
5766,4
5767,10
5768,14
5769,7
5770,6
5771,5
5772,13
5773,4
5774,9
5775,9
5776,7
5777,2
5778,4
5779,9
5780,9
5781,13
5782,0
5783,15
5784,1
5785,14
5786,13
5787,5
5788,7
5789,15
5790,7
5791,7
5792,0
5793,13
5794,12
5795,8
5796,10
5797,10
5798,9
5799,7
5800,9
5801,0
5802,2
5803,8
5804,8
5805,10
5806,8
5807,5
5808,8
5809,8
5810,7
5811,12
5812,1
5813,9
5814,9
5815,14
5816,4
5817,15
5818,7
5819,9
5820,8
5821,14
5822,11
5823,14
5824,11
5825,1
5826,7
5827,3
5828,5
5829,12
5830,9
5831,0
5832,14
5833,10
5834,9
5835,10
5836,1
5837,6
5838,12
5839,2
5840,7
5841,14
5842,12
5843,1
5844,7
5845,5
5846,4
5847,9
5848,11
5849,0
5850,5
5851,10
5852,3
5853,0
5854,14
5855,5
5856,8
5857,1
5858,2
5859,5
5860,9
5861,8
5862,9
5863,4
5864,9
5865,13
5866,9
5867,13
5868,7
5869,10
5870,2
5871,5
5872,12
5873,0
5874,11
5875,14
5876,5
5877,2
5878,0
5879,15
5880,5
5881,14
5882,10
5883,6
5884,2
5885,2
5886,4
5887,7
5888,7
5889,2
5890,2
5891,12
5892,3
5893,9
5894,11
5895,13
5896,12
5897,8
5898,11
5899,13
5900,12
5901,12
5902,10
5903,13
5904,14
5905,1
5906,5
5907,7
5908,11
5909,10
5910,4
5911,7
5912,14
5913,10
5914,5
5915,2
5916,14
5917,8
5918,9
5919,4
5920,6
5921,11
5922,6
5923,9
5924,2
5925,2
5926,7
5927,4
5928,11
5929,3
5930,3
5931,11
5932,2
5933,7
5934,9
5935,6
5936,15
5937,5
5938,11
5939,13
5940,1
5941,8
5942,8
5943,15
5944,12
5945,3
5946,9
5947,11
5948,11
5949,9
5950,0
5951,7
5952,11
5953,10
5954,6
5955,6
5956,0
5957,9
5958,12
5959,8
5960,1
5961,9
5962,12
5963,15
5964,4
5965,4
5966,13
5967,5
5968,7
5969,14
5970,6
5971,12
5972,12
5973,7
5974,1
5975,3
5976,2
5977,7
5978,8
5979,14
5980,1
5981,4
5982,11
5983,4
5984,10
5985,6
5986,5
5987,11
5988,3
5989,13
5990,4
5991,0
5992,10
5993,11
5994,8
5995,5
5996,14
5997,1
5998,12
5999,15
6000,7
6001,3
6002,9
6003,6
6004,14
6005,6
6006,1
6007,14
6008,1
6009,13
6010,11
6011,10
6012,6
6013,10
6014,6
6015,8
6016,8
6017,9
6018,9
6019,9
6020,14
6021,0
6022,5
6023,5
6024,3
6025,7
6026,1
6027,13
6028,3
6029,6
6030,13
6031,13
6032,0
6033,4
6034,10
6035,2
6036,15
6037,4
6038,12
6039,12
6040,6
6041,9
6042,13
6043,9
6044,13
6045,6
6046,6
6047,1
6048,15
6049,14
6050,11
6051,6
6052,5
6053,15
6054,11
6055,6
6056,2
6057,15
6058,0
6059,0
6060,11
6061,10
6062,12
6063,14
6064,5
6065,14
6066,7
6067,1
6068,1
6069,6
6070,0
6071,6
6072,2
6073,10
6074,15
6075,13
6076,11
6077,10
6078,9
6079,10
6080,2
6081,4
6082,11
6083,1
6084,4
6085,10
6086,14
6087,14
6088,4
6089,10
6090,9
6091,5
6092,12
6093,5
6094,13
6095,3
6096,4
6097,6
6098,15
6099,4
6100,4
6101,0
6102,9
6103,15
6104,9
6105,3
6106,12
6107,14
6108,6
6109,8
6110,1
6111,7
6112,12
6113,15
6114,9
6115,15
6116,6
6117,3
6118,5
6119,8
6120,7
6121,7
6122,5
6123,0
6124,6
6125,12
6126,2
6127,6
6128,15
6129,0
6130,9
6131,14
6132,4
6133,11
6134,13
6135,3
6136,3
6137,3
6138,9
6139,15
6140,15
6141,11
6142,5
6143,7
6144,2
6145,10
6146,1
6147,10
6148,14
6149,2
6150,5
6151,15
6152,1
6153,15
6154,3
6155,13
6156,11
6157,5
6158,8
6159,13
6160,9
6161,4
6162,3
6163,6
6164,12
6165,1
6166,9
6167,8
6168,3
6169,14
6170,15
6171,6
6172,6
6173,7
6174,9
6175,1
6176,15
6177,6
6178,13
6179,11
6180,5
6181,1
6182,5
6183,5
6184,14
6185,15
6186,6
6187,13
6188,15
6189,9
6190,12
6191,15
6192,13
6193,4
6194,6
6195,4
6196,0
6197,3
6198,10
6199,15
6200,5
6201,13
6202,7
6203,15
6204,11
6205,12
6206,10
6207,4
6208,11
6209,4
6210,13
6211,14
6212,4
6213,2
6214,1
6215,8
6216,15
6217,1
6218,12
6219,10
6220,7
6221,7
6222,8
6223,12
6224,4
6225,13
6226,15
6227,3
6228,4
6229,1
6230,10
6231,5
6232,5
6233,2
6234,9
6235,9
6236,2
6237,5
6238,3
6239,3
6240,14
6241,2
6242,12
6243,2
6244,12
6245,7
6246,0
6247,15
6248,14
6249,3
6250,10
6251,6
6252,11
6253,15
6254,1
6255,6
6256,2
6257,7
6258,1
6259,13
6260,2
6261,2
6262,8
6263,10
6264,10
6265,3
6266,4
6267,10
6268,8
6269,14
6270,12
6271,6
6272,7
6273,9
6274,3
6275,6
6276,1
6277,6
6278,3
6279,2
6280,8
6281,9
6282,11
6283,5
6284,6
6285,8
6286,7
6287,12
6288,2
6289,0
6290,0
6291,3
6292,12
6293,6
6294,4
6295,6
6296,12
6297,8
6298,5
6299,0
6300,4
6301,9
6302,8
6303,11
6304,3
6305,11
6306,15
6307,9
6308,4
6309,7
6310,4
6311,13
6312,9
6313,0
6314,14
6315,11
6316,11
6317,12
6318,12
6319,2
6320,3
6321,9
6322,8
6323,14
6324,15
6325,13
6326,5
6327,6
6328,13
6329,4
6330,6
6331,2
6332,10
6333,6
6334,12
6335,0
6336,9
6337,6
6338,14
6339,9
6340,8
6341,13
6342,11
6343,12
6344,3
6345,1
6346,0
6347,0
6348,2
6349,3
6350,7
6351,5
6352,14
6353,2
6354,7
6355,8
6356,5
6357,4
6358,1
6359,14
6360,7
6361,3
6362,15
6363,7
6364,11
6365,6
6366,4
6367,2
6368,13
6369,11
6370,0
6371,13
6372,0
6373,12
6374,7
6375,10
6376,5
6377,14
6378,13
6379,4
6380,11
6381,8
6382,2
6383,14
6384,1
6385,7
6386,5
6387,14
6388,5
6389,7
6390,9
6391,5
6392,13
6393,10
6394,8
6395,11
6396,9
6397,3
6398,7
6399,8
6400,14
6401,3
6402,11
6403,14
6404,7
6405,13
6406,10
6407,8
6408,4
6409,10
6410,11
6411,4
6412,14
6413,11
6414,5
6415,0
6416,4
6417,5
6418,4
6419,4
6420,0
6421,8
6422,8
6423,11
6424,10
6425,13
6426,6
6427,14
6428,15
6429,8
6430,7
6431,14
6432,7
6433,14
6434,12
6435,2
6436,5
6437,4
6438,12
6439,12
6440,0
6441,5
6442,14
6443,13
6444,14
6445,10
6446,13
6447,5
6448,7
6449,4
6450,12
6451,0
6452,5
6453,14
6454,5
6455,4
6456,0
6457,7
6458,15
6459,13
6460,7
6461,15
6462,13
6463,15
6464,15
6465,11
6466,9
6467,4
6468,10
6469,8
6470,10
6471,11
6472,8
6473,9
6474,1
6475,10
6476,11
6477,3
6478,7
6479,6
6480,6
6481,3
6482,9
6483,12
6484,1
6485,6
6486,10
6487,9
6488,0
6489,6
6490,8
6491,13
6492,3
6493,0
6494,0
6495,10
6496,2
6497,3
6498,6
6499,8
6500,13
6501,7
6502,10
6503,4
6504,13
6505,6
6506,5
6507,9
6508,12
6509,14
6510,2
6511,11
6512,8
6513,6
6514,13
6515,3
6516,14
6517,10
6518,13
6519,7
6520,11
6521,13
6522,13
6523,4
6524,0
6525,8
6526,6
6527,11
6528,7
6529,2
6530,7
6531,3
6532,7
6533,11
6534,7
6535,14
6536,7
6537,8
6538,1
6539,13
6540,0
6541,6
6542,3
6543,7
6544,8
6545,7
6546,9
6547,0
6548,9
6549,1
6550,7
6551,11
6552,8
6553,10
6554,12
6555,1
6556,8
6557,6
6558,14
6559,15
6560,1
6561,5
6562,15
6563,13
6564,5
6565,5
6566,2
6567,4
6568,2
6569,12
6570,0
6571,14
6572,1
6573,2
6574,4
6575,8
6576,4
6577,7
6578,7
6579,14
6580,2
6581,7
6582,13
6583,3
6584,5
6585,4
6586,4
6587,0
6588,6
6589,3
6590,9
6591,8
6592,1
6593,11
6594,0
6595,3
6596,6
6597,5
6598,12
6599,5
6600,11
6601,15
6602,2
6603,13
6604,13
6605,2
6606,5
6607,10
6608,12
6609,15
6610,4
6611,0
6612,2
6613,8
6614,8
6615,5
6616,10
6617,0
6618,2
6619,5
6620,9
6621,5
6622,9
6623,11
6624,8
6625,12
6626,8
6627,13
6628,0
6629,8
6630,5
6631,3
6632,8
6633,5
6634,15
6635,0
6636,8
6637,2
6638,0
6639,7
6640,13
6641,11
6642,3
6643,5
6644,8
6645,6
6646,8
6647,2
6648,13
6649,15
6650,13
6651,3
6652,12
6653,1
6654,0
6655,3
6656,3
6657,10
6658,9
6659,7
6660,11
6661,3
6662,9
6663,4
6664,7
6665,10
6666,3
6667,7
6668,2
6669,3
6670,1
6671,11
6672,15
6673,11
6674,7
6675,8
6676,12
6677,4
6678,6
6679,5
6680,12
6681,4
6682,4
6683,11
6684,11
6685,4
6686,6
6687,12
6688,6
6689,9
6690,14
6691,10
6692,3
6693,1
6694,10
6695,13
6696,7
6697,10
6698,0
6699,12
6700,13
6701,0
6702,1
6703,12
6704,5
6705,8
6706,8
6707,12
6708,5
6709,2
6710,2
6711,9
6712,15
6713,6
6714,11
6715,7
6716,7
6717,4
6718,11
6719,15
6720,14
6721,14
6722,9
6723,0
6724,13
6725,12
6726,12
6727,8
6728,5
6729,12
6730,13
6731,6
6732,7
6733,15
6734,0
6735,12
6736,9
6737,12
6738,10
6739,15
6740,5
6741,3
6742,11
6743,9
6744,11
6745,14
6746,9
6747,5
6748,2
6749,6
6750,12
6751,4
6752,8
6753,12
6754,4
6755,11
6756,3
6757,4
6758,14
6759,14
6760,6
6761,14
6762,2
6763,14
6764,5
6765,13
6766,15
6767,1
6768,7
6769,9
6770,8
6771,8
6772,13
6773,5
6774,15
6775,3
6776,3
6777,2
6778,14
6779,6
6780,0
6781,9
6782,0
6783,1
6784,5
6785,13
6786,14
6787,5
6788,9
6789,12
6790,6
6791,9
6792,3
6793,13
6794,7
6795,14
6796,4
6797,13
6798,7
6799,0
6800,2
6801,12
6802,13
6803,2
6804,15
6805,4
6806,2
6807,11
6808,1
6809,1
6810,9
6811,10
6812,14
6813,14
6814,2
6815,10
6816,4
6817,0
6818,0
6819,8
6820,9
6821,6
6822,5
6823,2
6824,8
6825,5
6826,9
6827,13
6828,8
6829,10
6830,9
6831,4
6832,4
6833,10
6834,12
6835,12
6836,5
6837,10
6838,4
6839,8
6840,14
6841,13
6842,5
6843,3
6844,9
6845,12
6846,11
6847,10
6848,0
6849,5
6850,5
6851,12
6852,14
6853,10
6854,9
6855,2
6856,15
6857,1
6858,8
6859,13
6860,3
6861,12
6862,3
6863,1
6864,5
6865,4
6866,11
6867,4
6868,13
6869,4
6870,4
6871,4
6872,5
6873,11
6874,5
6875,10
6876,6
6877,8
6878,2
6879,5
6880,1
6881,12
6882,5
6883,1
6884,12
6885,10
6886,14
6887,2
6888,5
6889,6
6890,15
6891,0
6892,13
6893,13
6894,8
6895,10
6896,6
6897,14
6898,5
6899,9
6900,5
6901,5
6902,6
6903,11
6904,11
6905,12
6906,12
6907,11
6908,8
6909,3
6910,9
6911,15
6912,8
6913,14
6914,14
6915,2
6916,7
6917,9
6918,6
6919,12
6920,5
6921,8
6922,3
6923,4
6924,15
6925,10
6926,13
6927,9
6928,12
6929,8
6930,4
6931,0
6932,4
6933,5
6934,14
6935,13
6936,1
6937,11
6938,11
6939,12
6940,6
6941,7
6942,5
6943,14
6944,3
6945,3
6946,9
6947,13
6948,9
6949,12
6950,2
6951,3
6952,8
6953,14
6954,14
6955,7
6956,11
6957,10
6958,9
6959,0
6960,6
6961,9
6962,9
6963,15
6964,13
6965,11
6966,6
6967,14
6968,14
6969,2
6970,7
6971,11
6972,10
6973,8
6974,15
6975,15
6976,13
6977,6
6978,9
6979,4
6980,4
6981,13
6982,4
6983,9
6984,3
6985,7
6986,5
6987,12
6988,11
6989,6
6990,4
6991,2
6992,10
6993,4
6994,15
6995,2
6996,8
6997,8
6998,4
6999,3
7000,4
7001,8
7002,11
7003,0
7004,3
7005,2
7006,0
7007,13
7008,6
7009,5
7010,7
7011,3
7012,8
7013,3
7014,2
7015,0
7016,8
7017,7
7018,12
7019,13
7020,9
7021,9
7022,2
7023,7
7024,13
7025,7
7026,9
7027,11
7028,11
7029,13
7030,5
7031,13
7032,15
7033,1
7034,1
7035,12
7036,4
7037,1
7038,7
7039,15
7040,1
7041,13
7042,4
7043,11
7044,11
7045,7
7046,11
7047,14
7048,13
7049,11
7050,4
7051,15
7052,15
7053,10
7054,6
7055,4
7056,4
7057,4
7058,12
7059,5
7060,5
7061,9
7062,1
7063,3
7064,10
7065,3
7066,6
7067,12
7068,14
7069,0
7070,9
7071,12
7072,11
7073,15
7074,15
7075,14
7076,14
7077,8
7078,15
7079,11
7080,2
7081,8
7082,1
7083,1
7084,2
7085,9
7086,5
7087,2
7088,6
7089,8
7090,8
7091,3
7092,12
7093,9
7094,6
7095,11
7096,7
7097,1
7098,4
7099,3
7100,1
7101,8
7102,1
7103,7
7104,12
7105,0
7106,11
7107,2
7108,13
7109,5
7110,11
7111,12
7112,8
7113,9
7114,0
7115,0
7116,0
7117,10
7118,13
7119,8
7120,0
7121,2
7122,3
7123,0
7124,0
7125,13
7126,9
7127,10
7128,3
7129,9
7130,11
7131,2
7132,12
7133,14
7134,7
7135,9
7136,5
7137,12
7138,15
7139,12
7140,7
7141,5
7142,0
7143,15
7144,1
7145,2
7146,2
7147,15
7148,13
7149,15
7150,15
7151,13
7152,7
7153,6
7154,10
7155,10
7156,6
7157,11
7158,3
7159,7
7160,5
7161,2
7162,10
7163,2
7164,7
7165,15
7166,7
7167,13
7168,6
7169,2
7170,6
7171,0
7172,7
7173,3
7174,7
7175,3
7176,3
7177,5
7178,0
7179,3
7180,2
7181,1
7182,4
7183,0
7184,1
7185,1
7186,4
7187,0
7188,9
7189,3
7190,13
7191,10
7192,13
7193,5
7194,4
7195,12
7196,1
7197,3
7198,3
7199,14
7200,8
7201,5
7202,12
7203,7
7204,11
7205,5
7206,14
7207,8
7208,7
7209,11
7210,5
7211,5
7212,15
7213,1
7214,5
7215,5
7216,9
7217,7
7218,11
7219,0
7220,3
7221,3
7222,2
7223,15
7224,8
7225,2
7226,0
7227,9
7228,15
7229,6
7230,8
7231,6
7232,7
7233,7
7234,11
7235,12
7236,11
7237,8
7238,9
7239,8
7240,14
7241,15
7242,1
7243,10
7244,0
7245,6
7246,6
7247,8
7248,2
7249,15
7250,7
7251,4
7252,15
7253,2
7254,12
7255,2
7256,6
7257,9
7258,8
7259,10
7260,3
7261,8
7262,8
7263,8
7264,6
7265,5
7266,8
7267,8
7268,4
7269,7
7270,14
7271,15
7272,15
7273,8
7274,2
7275,5
7276,12
7277,10
7278,7
7279,8
7280,7
7281,5
7282,15
7283,1
7284,14
7285,7
7286,7
7287,12
7288,11
7289,12
7290,9
7291,8
7292,0
7293,9
7294,2
7295,6
7296,4
7297,0
7298,11
7299,12
7300,5
7301,0
7302,3
7303,6
7304,8
7305,15
7306,3
7307,4
7308,14
7309,1
7310,0
7311,14
7312,2
7313,6
7314,4
7315,4
7316,9
7317,2
7318,4
7319,7
7320,3
7321,1
7322,6
7323,11
7324,1
7325,4
7326,6
7327,14
7328,15
7329,7
7330,4
7331,9
7332,5
7333,6
7334,9
7335,4
7336,12
7337,9
7338,15
7339,13
7340,9
7341,7
7342,8
7343,14
7344,9
7345,4
7346,8
7347,13
7348,7
7349,13
7350,10
7351,0
7352,15
7353,14
7354,2
7355,9
7356,9
7357,10
7358,9
7359,3
7360,8
7361,3
7362,9
7363,8
7364,0
7365,4
7366,1
7367,3
7368,11
7369,14
7370,11
7371,7
7372,10
7373,13
7374,11
7375,7
7376,6
7377,1
7378,12
7379,14
7380,15
7381,8
7382,9
7383,12
7384,3
7385,14
7386,15
7387,5
7388,12
7389,9
7390,8
7391,3
7392,11
7393,10
7394,15
7395,7
7396,6
7397,11
7398,6
7399,4
7400,2
7401,11
7402,6
7403,3
7404,1
7405,1
7406,14
7407,5
7408,0
7409,14
7410,8
7411,10
7412,15
7413,11
7414,4
7415,8
7416,12
7417,5
7418,13
7419,12
7420,4
7421,3
7422,1
7423,8
7424,6
7425,0
7426,15
7427,14
7428,7
7429,1
7430,8
7431,7
7432,11
7433,9
7434,5
7435,10
7436,13
7437,3
7438,13
7439,13
7440,9
7441,4
7442,11
7443,15
7444,0
7445,7
7446,3
7447,14
7448,3
7449,4
7450,14
7451,2
7452,0
7453,15
7454,13
7455,11
7456,10
7457,7
7458,6
7459,7
7460,7
7461,9
7462,11
7463,4
7464,7
7465,7
7466,2
7467,12
7468,0
7469,1
7470,1
7471,1
7472,6
7473,0
7474,10
7475,2
7476,15
7477,0
7478,9
7479,0
7480,6
7481,5
7482,3
7483,0
7484,5
7485,8
7486,5
7487,2
7488,14
7489,2
7490,3
7491,4
7492,12
7493,5
7494,12
7495,7
7496,5
7497,14
7498,8
7499,2
7500,6
7501,10
7502,5
7503,6
7504,2
7505,9
7506,0
7507,11
7508,13
7509,11
7510,10
7511,10
7512,3
7513,6
7514,4
7515,5
7516,2
7517,15
7518,4
7519,11
7520,10
7521,1
7522,15
7523,1
7524,2
7525,13
7526,13
7527,3
7528,9
7529,8
7530,15
7531,3
7532,2
7533,13
7534,0
7535,2
7536,3
7537,12
7538,1
7539,7
7540,0
7541,2
7542,0
7543,3
7544,4
7545,11
7546,8
7547,15
7548,11
7549,10
7550,8
7551,7
7552,12
7553,1
7554,11
7555,12
7556,3
7557,10
7558,3
7559,4
7560,9
7561,2
7562,15
7563,0
7564,1
7565,11
7566,14
7567,2
7568,7
7569,9
7570,8
7571,3
7572,3
7573,10
7574,1
7575,13
7576,6
7577,12
7578,5
7579,12
7580,8
7581,11
7582,1
7583,8
7584,15
7585,10
7586,3
7587,11
7588,3
7589,3
7590,10
7591,3
7592,9
7593,11
7594,5
7595,15
7596,11
7597,4
7598,15
7599,4
7600,4
7601,3
7602,1
7603,2
7604,1
7605,5
7606,0
7607,13
7608,3
7609,3
7610,15
7611,0
7612,0
7613,8
7614,13
7615,8
7616,9
7617,2
7618,9
7619,11
7620,7
7621,0
7622,7
7623,9
7624,10
7625,6
7626,6
7627,15
7628,11
7629,14
7630,4
7631,7
7632,14
7633,12
7634,7
7635,13
7636,10
7637,6
7638,13
7639,2
7640,5
7641,4
7642,3
7643,15
7644,6
7645,1
7646,4
7647,13
7648,10
7649,11
7650,2
7651,0
7652,10
7653,8
7654,14
7655,15
7656,8
7657,8
7658,9
7659,2
7660,11
7661,15
7662,9
7663,6
7664,12
7665,15
7666,7
7667,3
7668,12
7669,6
7670,7
7671,5
7672,13
7673,2
7674,14
7675,2
7676,11
7677,1
7678,8
7679,2
7680,13
7681,8
7682,10
7683,4
7684,7
7685,15
7686,4
7687,10
7688,9
7689,1
7690,8
7691,0
7692,4
7693,3
7694,7
7695,0
7696,10
7697,5
7698,13
7699,5
7700,9
7701,9
7702,10
7703,0
7704,12
7705,3
7706,1
7707,9
7708,11
7709,2
7710,4
7711,3
7712,7
7713,15
7714,10
7715,13
7716,9
7717,15
7718,0
7719,11
7720,12
7721,12
7722,1
7723,14
7724,6
7725,15
7726,13
7727,2
7728,15
7729,14
7730,7
7731,7
7732,7
7733,2
7734,1
7735,14
7736,15
7737,11
7738,8
7739,3
7740,14
7741,4
7742,11
7743,12
7744,0
7745,5
7746,1
7747,3
7748,11
7749,4
7750,15
7751,3
7752,13
7753,5
7754,5
7755,10
7756,2
7757,13
7758,10
7759,1
7760,9
7761,13
7762,14
7763,6
7764,9
7765,13
7766,12
7767,10
7768,15
7769,9
7770,8
7771,8
7772,3
7773,0
7774,12
7775,2
7776,10
7777,1
7778,1
7779,3
7780,0
7781,1
7782,6
7783,3
7784,3
7785,6
7786,13
7787,7
7788,14
7789,7
7790,7
7791,8
7792,7
7793,8
7794,4
7795,3
7796,13
7797,8
7798,1
7799,5
7800,5
7801,8
7802,12
7803,5
7804,13
7805,14
7806,0
7807,6
7808,9
7809,13
7810,7
7811,4
7812,11
7813,12
7814,11
7815,12
7816,12
7817,12
7818,12
7819,13
7820,1
7821,9
7822,1
7823,12
7824,10
7825,13
7826,2
7827,10
7828,5
7829,13
7830,4
7831,1
7832,6
7833,8
7834,8
7835,15
7836,4
7837,15
7838,0
7839,6
7840,4
7841,11
7842,12
7843,15
7844,5
7845,13
7846,10
7847,4
7848,2
7849,1
7850,13
7851,5
7852,10
7853,6
7854,15
7855,13
7856,9
7857,11
7858,1
7859,9
7860,1
7861,0
7862,7
7863,6
7864,14
7865,10
7866,8
7867,0
7868,10
7869,12
7870,6
7871,13
7872,14
7873,14
7874,4
7875,7
7876,13
7877,9
7878,1
7879,5
7880,6
7881,10
7882,7
7883,2
7884,1
7885,6
7886,1
7887,14
7888,15
7889,1
7890,5
7891,15
7892,14
7893,3
7894,6
7895,14
7896,5
7897,14
7898,5
7899,1
7900,3
7901,13
7902,1
7903,2
7904,0
7905,13
7906,13
7907,1
7908,9
7909,14
7910,1
7911,0
7912,15
7913,11
7914,8
7915,12
7916,4
7917,10
7918,0
7919,1
7920,13
7921,9
7922,12
7923,6
7924,5
7925,13
7926,4
7927,10
7928,9
7929,7
7930,1
7931,0
7932,11
7933,8
7934,14
7935,13
7936,11
7937,4
7938,13
7939,4
7940,10
7941,9
7942,6
7943,4
7944,10
7945,11
7946,4
7947,3
7948,11
7949,9
7950,1
7951,10
7952,3
7953,6
7954,12
7955,12
7956,15
7957,0
7958,3
7959,10
7960,14
7961,9
7962,9
7963,1
7964,7
7965,3
7966,8
7967,3
7968,4
7969,2
7970,0
7971,2
7972,7
7973,8
7974,0
7975,1
7976,10
7977,11
7978,13
7979,3
7980,15
7981,6
7982,3
7983,12
7984,7
7985,14
7986,9
7987,2
7988,10
7989,3
7990,15
7991,15
7992,5
7993,6
7994,13
7995,9
7996,4
7997,1
7998,13
7999,3
8000,15
8001,0
8002,7
8003,5
8004,12
8005,3
8006,6
8007,4
8008,5
8009,1
8010,4
8011,8
8012,7
8013,13
8014,2
8015,5
8016,3
8017,13
8018,7
8019,8
8020,4
8021,2
8022,5
8023,4
8024,1
8025,4
8026,11
8027,12
8028,11
8029,9
8030,1
8031,10
8032,5
8033,3
8034,10
8035,13
8036,4
8037,14
8038,9
8039,6
8040,13
8041,2
8042,5
8043,4
8044,0
8045,5
8046,8
8047,9
8048,5
8049,10
8050,10
8051,0
8052,13
8053,9
8054,1
8055,3
8056,8
8057,3
8058,8
8059,3
8060,3
8061,12
8062,5
8063,6
8064,1
8065,4
8066,11
8067,15
8068,14
8069,11
8070,14
8071,15
8072,11
8073,6
8074,12
8075,3
8076,14
8077,10
8078,8
8079,9
8080,11
8081,15
8082,2
8083,8
8084,7
8085,14
8086,5
8087,10
8088,1
8089,0
8090,3
8091,9
8092,1
8093,5
8094,12
8095,8
8096,12
8097,10
8098,15
8099,4
8100,15
8101,1
8102,13
8103,8
8104,11
8105,6
8106,2
8107,12
8108,7
8109,9
8110,15
8111,6
8112,3
8113,7
8114,9
8115,8
8116,12
8117,8
8118,11
8119,15
8120,12
8121,1
8122,2
8123,13
8124,0
8125,9
8126,8
8127,11
8128,3
8129,15
8130,7
8131,3
8132,12
8133,15
8134,3
8135,1
8136,12
8137,8
8138,7
8139,6
8140,3
8141,8
8142,3
8143,2
8144,10
8145,8
8146,8
8147,2
8148,15
8149,5
8150,2
8151,14
8152,1
8153,2
8154,5
8155,14
8156,5
8157,12
8158,6
8159,10
8160,14
8161,2
8162,12
8163,7
8164,14
8165,12
8166,15
8167,5
8168,10
8169,4
8170,9
8171,10
8172,14
8173,10
8174,14
8175,12
8176,4
8177,3
8178,11
8179,9
8180,12
8181,4
8182,12
8183,5
8184,7
8185,8
8186,1
8187,13
8188,1
8189,5
8190,13
8191,13
8192,3
8193,0
8194,5
8195,11
8196,12
8197,6
8198,6
8199,6
8200,7
8201,2
8202,1
8203,14
8204,12
8205,10
8206,11
8207,7
8208,13
8209,10
8210,1
8211,13
8212,3
8213,7
8214,12
8215,6
8216,3
8217,5
8218,1
8219,11
8220,3
8221,11
8222,13
8223,6
8224,7
8225,3
8226,15
8227,6
8228,8
8229,6
8230,6
8231,12
8232,10
8233,15
8234,4
8235,0
8236,2
8237,15
8238,0
8239,15
8240,13
8241,12
8242,8
8243,7
8244,11
8245,3
8246,2
8247,4
8248,5
8249,5
8250,9
8251,2
8252,6
8253,12
8254,8
8255,15
8256,1
8257,7
8258,9
8259,12
8260,0
8261,5
8262,13
8263,13
8264,0
8265,10
8266,10
8267,12
8268,1
8269,11
8270,9
8271,6
8272,10
8273,6
8274,15
8275,10
8276,15
8277,1
8278,1
8279,12
8280,8
8281,2
8282,10
8283,8
8284,0
8285,6
8286,11
8287,4
8288,0
8289,14
8290,7
8291,5
8292,5
8293,7
8294,3
8295,11
8296,12
8297,6
8298,6
8299,13
8300,15
8301,6
8302,7
8303,7
8304,7
8305,10
8306,9
8307,3
8308,9
8309,9
8310,2
8311,14
8312,1
8313,14
8314,11
8315,6
8316,0
8317,8
8318,8
8319,7
8320,13
8321,0
8322,8
8323,2
8324,4
8325,13
8326,15
8327,4
8328,6
8329,4
8330,0
8331,2
8332,7
8333,15
8334,6
8335,1
8336,0
8337,11
8338,4
8339,1
8340,12
8341,13
8342,15
8343,2
8344,2
8345,9
8346,10
8347,0
8348,12
8349,6
8350,3
8351,10
8352,11
8353,5
8354,6
8355,2
8356,10
8357,8
8358,8
8359,0
8360,0
8361,7
8362,12
8363,8
8364,14
8365,13
8366,11
8367,6
8368,5
8369,1
8370,14
8371,13
8372,13
8373,1
8374,6
8375,13
8376,0
8377,12
8378,11
8379,6
8380,5
8381,12
8382,13
8383,0
8384,14
8385,1
8386,2
8387,6
8388,4
8389,2
8390,2
8391,9
8392,14
8393,2
8394,9
8395,11
8396,1
8397,12
8398,7
8399,3
8400,1
8401,4
8402,14
8403,6
8404,15
8405,11
8406,12
8407,4
8408,4
8409,2
8410,3
8411,7
8412,5
8413,12
8414,9
8415,6
8416,11
8417,7
8418,14
8419,2
8420,15
8421,12
8422,10
8423,8
8424,0
8425,15
8426,5
8427,0
8428,15
8429,10
8430,3
8431,2
8432,0
8433,6
8434,10
8435,4
8436,1
8437,4
8438,13
8439,4
8440,8
8441,10
8442,11
8443,3
8444,13
8445,8
8446,1
8447,5
8448,2
8449,1
8450,12
8451,15
8452,14
8453,2
8454,8
8455,4
8456,8
8457,12
8458,4
8459,8
8460,12
8461,7
8462,0
8463,2
8464,5
8465,1
8466,14
8467,7
8468,11
8469,14
8470,3
8471,13
8472,9
8473,11
8474,0
8475,15
8476,3
8477,1
8478,12
8479,15
8480,4
8481,12
8482,9
8483,5
8484,1
8485,15
8486,4
8487,7
8488,12
8489,14
8490,1
8491,14
8492,6
8493,13
8494,11
8495,2
8496,1
8497,6
8498,13
8499,9
8500,13
8501,4
8502,7
8503,2
8504,3
8505,4
8506,9
8507,5
8508,12
8509,13
8510,9
8511,11
8512,15
8513,2
8514,1
8515,2
8516,9
8517,3
8518,7
8519,3
8520,8
8521,2
8522,9
8523,3
8524,7
8525,3
8526,11
8527,2
8528,6
8529,15
8530,3
8531,6
8532,12
8533,11
8534,8
8535,7
8536,14
8537,8
8538,8
8539,9
8540,2
8541,5
8542,13
8543,2
8544,15
8545,14
8546,14
8547,10
8548,0
8549,8
8550,9
8551,4
8552,15
8553,8
8554,8
8555,7
8556,5
8557,9
8558,0
8559,1
8560,9
8561,12
8562,11
8563,15
8564,0
8565,4
8566,0
8567,8
8568,8
8569,13
8570,1
8571,7
8572,7
8573,14
8574,13
8575,1
8576,2
8577,3
8578,3
8579,7
8580,5
8581,7
8582,5
8583,12
8584,15
8585,1
8586,5
8587,1
8588,1
8589,8
8590,9
8591,7
8592,5
8593,8
8594,11
8595,2
8596,11
8597,4
8598,5
8599,2
8600,1
8601,8
8602,8
8603,9
8604,0
8605,13
8606,12
8607,10
8608,13
8609,0
8610,8
8611,15
8612,0
8613,3
8614,14
8615,10
8616,12
8617,7
8618,9
8619,12
8620,15
8621,2
8622,4
8623,4
8624,4
8625,14
8626,9
8627,15
8628,4
8629,15
8630,1
8631,5
8632,4
8633,5
8634,8
8635,6
8636,1
8637,2
8638,13
8639,6
8640,15
8641,2
8642,9
8643,12
8644,10
8645,5
8646,4
8647,12
8648,15
8649,7
8650,1
8651,5
8652,2
8653,3
8654,2
8655,13
8656,15
8657,10
8658,3
8659,2
8660,10
8661,4
8662,2
8663,1
8664,4
8665,5
8666,0
8667,15
8668,11
8669,12
8670,7
8671,10
8672,13
8673,5
8674,6
8675,3
8676,7
8677,1
8678,13
8679,10
8680,6
8681,6
8682,0
8683,10
8684,4
8685,2
8686,12
8687,7
8688,14
8689,6
8690,0
8691,8
8692,10
8693,12
8694,12
8695,15
8696,15
8697,11
8698,0
8699,3
8700,1
8701,0
8702,4
8703,2
8704,10
8705,7
8706,12
8707,9
8708,13
8709,13
8710,14
8711,12
8712,5
8713,9
8714,5
8715,0
8716,9
8717,2
8718,6
8719,9
8720,9
8721,8
8722,9
8723,6
8724,15
8725,10
8726,7
8727,9
8728,4
8729,1
8730,15
8731,3
8732,10
8733,4
8734,11
8735,12
8736,14
8737,11
8738,3
8739,9
8740,2
8741,13
8742,8
8743,2
8744,6
8745,12
8746,8
8747,7
8748,14
8749,12
8750,12
8751,4
8752,10
8753,5
8754,5
8755,0
8756,13
8757,15
8758,10
8759,9
8760,6
8761,12
8762,2
8763,6
8764,2
8765,9
8766,1
8767,11
8768,15
8769,0
8770,12
8771,6
8772,8
8773,3
8774,14
8775,14
8776,0
8777,13
8778,4
8779,2
8780,13
8781,14
8782,4
8783,9
8784,1
8785,4
8786,2
8787,6
8788,10
8789,10
8790,7
8791,15
8792,6
8793,3
8794,12
8795,1
8796,3
8797,4
8798,9
8799,7
8800,15
8801,11
8802,9
8803,5
8804,6
8805,15
8806,14
8807,0
8808,13
8809,8
8810,0
8811,1
8812,3
8813,15
8814,9
8815,5
8816,14
8817,8
8818,9
8819,11
8820,6
8821,7
8822,5
8823,5
8824,12
8825,6
8826,3
8827,15
8828,13
8829,8
8830,12
8831,8
8832,4
8833,10
8834,11
8835,15
8836,11
8837,12
8838,4
8839,7
8840,1
8841,2
8842,3
8843,3
8844,4
8845,1
8846,1
8847,11
8848,4
8849,11
8850,10
8851,4
8852,10
8853,9
8854,15
8855,10
8856,15
8857,4
8858,13
8859,4
8860,15
8861,4
8862,3
8863,13
8864,14
8865,12
8866,15
8867,0
8868,13
8869,5
8870,8
8871,15
8872,10
8873,9
8874,8
8875,2
8876,11
8877,1
8878,15
8879,13
8880,1
8881,5
8882,8
8883,7
8884,15
8885,4
8886,15
8887,11
8888,3
8889,0
8890,7
8891,11
8892,7
8893,15
8894,8
8895,15
8896,10
8897,15
8898,9
8899,10
8900,9
8901,1
8902,6
8903,1
8904,8
8905,1
8906,8
8907,1
8908,7
8909,3
8910,5
8911,4
8912,6
8913,9
8914,7
8915,1
8916,11
8917,6
8918,8
8919,4
8920,11
8921,10
8922,1
8923,9
8924,15
8925,9
8926,5
8927,0
8928,2
8929,11
8930,7
8931,0
8932,2
8933,8
8934,0
8935,12
8936,9
8937,1
8938,9
8939,0
8940,4
8941,0
8942,9
8943,5
8944,1
8945,4
8946,14
8947,9
8948,3
8949,5
8950,2
8951,2
8952,5
8953,1
8954,14
8955,11
8956,7
8957,13
8958,12
8959,3
8960,11
8961,10
8962,14
8963,8
8964,5
8965,14
8966,13
8967,9
8968,10
8969,4
8970,9
8971,3
8972,13
8973,9
8974,6
8975,8
8976,5
8977,15
8978,11
8979,15
8980,14
8981,11
8982,13
8983,7
8984,4
8985,5
8986,1
8987,10
8988,6
8989,0
8990,6
8991,11
8992,15
8993,7
8994,1
8995,6
8996,11
8997,11
8998,12
8999,9
9000,11
9001,9
9002,14
9003,1
9004,14
9005,5
9006,8
9007,9
9008,10
9009,6
9010,7
9011,11
9012,5
9013,6
9014,7
9015,12
9016,11
9017,7
9018,13
9019,11
9020,7
9021,9
9022,8
9023,15
9024,14
9025,9
9026,14
9027,14
9028,15
9029,8
9030,12
9031,9
9032,5
9033,0
9034,7
9035,6
9036,7
9037,9
9038,3
9039,2
9040,4
9041,11
9042,11
9043,0
9044,1
9045,7
9046,13
9047,6
9048,8
9049,10
9050,9
9051,7
9052,6
9053,2
9054,12
9055,5
9056,8
9057,4
9058,8
9059,9
9060,15
9061,1
9062,11
9063,14
9064,4
9065,4
9066,9
9067,10
9068,13
9069,4
9070,15
9071,7
9072,10
9073,4
9074,3
9075,11
9076,9
9077,8
9078,11
9079,2
9080,3
9081,2
9082,7
9083,9
9084,4
9085,1
9086,8
9087,6
9088,1
9089,2
9090,9
9091,2
9092,2
9093,5
9094,4
9095,6
9096,0
9097,13
9098,1
9099,0
9100,4
9101,10
9102,1
9103,7
9104,3
9105,5
9106,13
9107,5
9108,11
9109,2
9110,14
9111,13
9112,1
9113,13
9114,1
9115,3
9116,14
9117,6
9118,9
9119,3
9120,12
9121,9
9122,15
9123,12
9124,11
9125,13
9126,4
9127,2
9128,8
9129,8
9130,6
9131,2
9132,13
9133,7
9134,13
9135,4
9136,8
9137,12
9138,3
9139,9
9140,7
9141,0
9142,5
9143,9
9144,9
9145,6
9146,11
9147,14
9148,4
9149,15
9150,4
9151,5
9152,2
9153,7
9154,11
9155,1
9156,5
9157,5
9158,13
9159,11
9160,6
9161,2
9162,7
9163,15
9164,2
9165,11
9166,10
9167,11
9168,0
9169,1
9170,15
9171,11
9172,14
9173,0
9174,11
9175,1
9176,4
9177,5
9178,2
9179,4
9180,2
9181,5
9182,10
9183,10
9184,12
9185,2
9186,5
9187,2
9188,4
9189,15
9190,6
9191,12
9192,15
9193,11
9194,1
9195,6
9196,14
9197,12
9198,4
9199,0
9200,12
9201,1
9202,10
9203,3
9204,13
9205,2
9206,7
9207,1
9208,4
9209,14
9210,10
9211,14
9212,5
9213,10
9214,4
9215,14
9216,12
9217,13
9218,6
9219,9
9220,4
9221,10
9222,3
9223,2
9224,13
9225,13
9226,8
9227,3
9228,12
9229,9
9230,8
9231,5
9232,4
9233,2
9234,4
9235,7
9236,7
9237,2
9238,2
9239,3
9240,6
9241,11
9242,11
9243,11
9244,0
9245,2
9246,1
9247,14
9248,5
9249,12
9250,8
9251,2
9252,6
9253,12
9254,14
9255,14
9256,0
9257,14
9258,3
9259,13
9260,9
9261,6
9262,9
9263,15
9264,9
9265,15
9266,8
9267,12
9268,2
9269,7
9270,3
9271,9
9272,14
9273,0
9274,5
9275,1
9276,4
9277,4
9278,15
9279,10
9280,3
9281,13
9282,4
9283,5
9284,2
9285,7
9286,14
9287,10
9288,6
9289,12
9290,0
9291,15
9292,2
9293,6
9294,4
9295,7
9296,6
9297,4
9298,9
9299,7
9300,9
9301,3
9302,13
9303,6
9304,6
9305,15
9306,9
9307,7
9308,13
9309,9
9310,7
9311,15
9312,4
9313,2
9314,7
9315,1
9316,0
9317,2
9318,8
9319,2
9320,8
9321,2
9322,12
9323,14
9324,15
9325,0
9326,0
9327,2
9328,12
9329,14
9330,4
9331,8
9332,6
9333,6
9334,2
9335,8
9336,3
9337,15
9338,15
9339,0
9340,12
9341,14
9342,15
9343,1
9344,11
9345,14
9346,10
9347,7
9348,3
9349,10
9350,13
9351,9
9352,4
9353,10
9354,4
9355,2
9356,6
9357,11
9358,7
9359,15
9360,13
9361,11
9362,0
9363,14
9364,13
9365,12
9366,8
9367,3
9368,15
9369,9
9370,8
9371,3
9372,4
9373,6
9374,4
9375,9
9376,5
9377,4
9378,3
9379,0
9380,14
9381,5
9382,10
9383,0
9384,4
9385,4
9386,13
9387,0
9388,7
9389,13
9390,10
9391,11
9392,5
9393,8
9394,4
9395,9
9396,14
9397,8
9398,6
9399,6
9400,0
9401,2
9402,13
9403,5
9404,10
9405,12
9406,14
9407,10
9408,13
9409,11
9410,0
9411,14
9412,14
9413,4
9414,2
9415,2
9416,3
9417,3
9418,9
9419,13
9420,6
9421,0
9422,14
9423,6
9424,12
9425,2
9426,8
9427,11
9428,2
9429,1
9430,9
9431,13
9432,12
9433,0
9434,6
9435,10
9436,14
9437,15
9438,8
9439,3
9440,8
9441,9
9442,1
9443,9
9444,12
9445,1
9446,10
9447,0
9448,11
9449,11
9450,1
9451,7
9452,6
9453,6
9454,14
9455,13
9456,13
9457,12
9458,2
9459,5
9460,5
9461,5
9462,1
9463,0
9464,8
9465,0
9466,4
9467,10
9468,6
9469,4
9470,11
9471,10
9472,9
9473,3
9474,10
9475,8
9476,11
9477,15
9478,12
9479,2
9480,6
9481,5
9482,14
9483,9
9484,8
9485,5
9486,5
9487,7
9488,9
9489,0
9490,9
9491,13
9492,14
9493,15
9494,12
9495,8
9496,1
9497,11
9498,7
9499,10
9500,3
9501,6
9502,6
9503,10
9504,15
9505,8
9506,4
9507,10
9508,1
9509,5
9510,3
9511,13
9512,4
9513,10
9514,13
9515,15
9516,3
9517,1
9518,10
9519,9
9520,3
9521,12
9522,3
9523,2
9524,14
9525,0
9526,11
9527,7
9528,7
9529,3
9530,12
9531,4
9532,7
9533,3
9534,15
9535,14
9536,15
9537,13
9538,0
9539,0
9540,15
9541,4
9542,9
9543,11
9544,2
9545,3
9546,14
9547,12
9548,4
9549,8
9550,0
9551,9
9552,15
9553,8
9554,1
9555,12
9556,2
9557,7
9558,13
9559,6
9560,2
9561,14
9562,15
9563,2
9564,0
9565,3
9566,12
9567,11
9568,6
9569,3
9570,6
9571,9
9572,11
9573,15
9574,6
9575,5
9576,10
9577,13
9578,5
9579,12
9580,0
9581,7
9582,4
9583,11
9584,12
9585,15
9586,0
9587,12
9588,2
9589,1
9590,3
9591,15
9592,14
9593,3
9594,13
9595,8
9596,2
9597,13
9598,1
9599,14
9600,4
9601,5
9602,14
9603,4
9604,7
9605,3
9606,9
9607,2
9608,7
9609,1
9610,12
9611,15
9612,8
9613,1
9614,3
9615,8
9616,2
9617,2
9618,10
9619,4
9620,6
9621,5
9622,13
9623,0
9624,9
9625,9
9626,12
9627,11
9628,5
9629,15
9630,9
9631,1
9632,0
9633,9
9634,10
9635,9
9636,4
9637,7
9638,6
9639,5
9640,11
9641,13
9642,13
9643,10
9644,12
9645,14
9646,13
9647,12
9648,8
9649,12
9650,3
9651,13
9652,8
9653,11
9654,9
9655,8
9656,9
9657,12
9658,8
9659,5
9660,9
9661,6
9662,11
9663,2
9664,6
9665,15
9666,5
9667,13
9668,1
9669,10
9670,10
9671,1
9672,10
9673,13
9674,2
9675,1
9676,11
9677,6
9678,7
9679,13
9680,5
9681,15
9682,8
9683,14
9684,14
9685,3
9686,2
9687,7
9688,9
9689,9
9690,15
9691,5
9692,5
9693,15
9694,11
9695,4
9696,0
9697,14
9698,0
9699,12
9700,3
9701,15
9702,14
9703,15
9704,6
9705,4
9706,3
9707,11
9708,8
9709,6
9710,4
9711,3
9712,8
9713,8
9714,10
9715,9
9716,7
9717,1
9718,10
9719,8
9720,15
9721,2
9722,10
9723,2
9724,5
9725,11
9726,14
9727,0
9728,5
9729,4
9730,3
9731,15
9732,8
9733,12
9734,10
9735,2
9736,1
9737,2
9738,5
9739,0
9740,1
9741,4
9742,10
9743,9
9744,7
9745,1
9746,7
9747,0
9748,3
9749,14
9750,9
9751,3
9752,8
9753,11
9754,8
9755,5
9756,11
9757,2
9758,2
9759,15
9760,6
9761,3
9762,5
9763,15
9764,4
9765,11
9766,2
9767,13
9768,2
9769,13
9770,10
9771,3
9772,10
9773,12
9774,15
9775,4
9776,2
9777,11
9778,11
9779,0
9780,9
9781,6
9782,3
9783,9
9784,5
9785,4
9786,7
9787,1
9788,9
9789,9
9790,1
9791,0
9792,7
9793,14
9794,2
9795,10
9796,3
9797,6
9798,11
9799,6
9800,9
9801,15
9802,1
9803,5
9804,1
9805,15
9806,4
9807,10
9808,8
9809,8
9810,10
9811,3
9812,5
9813,10
9814,7
9815,4
9816,10
9817,7
9818,0
9819,13
9820,3
9821,4
9822,7
9823,9
9824,3
9825,1
9826,3
9827,0
9828,9
9829,1
9830,2
9831,12
9832,7
9833,10
9834,12
9835,8
9836,1
9837,3
9838,4
9839,3
9840,15
9841,6
9842,7
9843,11
9844,5
9845,5
9846,14
9847,6
9848,9
9849,4
9850,9
9851,7
9852,8
9853,5
9854,4
9855,4
9856,0
9857,14
9858,1
9859,0
9860,13
9861,3
9862,6
9863,13
9864,14
9865,14
9866,4
9867,1
9868,5
9869,6
9870,1
9871,10
9872,9
9873,1
9874,13
9875,2
9876,11
9877,7
9878,10
9879,6
9880,4
9881,0
9882,2
9883,12
9884,12
9885,10
9886,3
9887,10
9888,4
9889,8
9890,9
9891,3
9892,9
9893,4
9894,9
9895,15
9896,15
9897,4
9898,12
9899,6
9900,5
9901,15
9902,0
9903,8
9904,12
9905,3
9906,6
9907,0
9908,13
9909,14
9910,13
9911,5
9912,6
9913,15
9914,14
9915,15
9916,6
9917,4
9918,4
9919,15
9920,11
9921,15
9922,13
9923,3
9924,15
9925,3
9926,4
9927,1
9928,7
9929,14
9930,9
9931,0
9932,9
9933,1
9934,3
9935,14
9936,7
9937,1
9938,0
9939,2
9940,14
9941,8
9942,9
9943,6
9944,5
9945,4
9946,9
9947,3
9948,3
9949,8
9950,15
9951,1
9952,5
9953,9
9954,0
